<?xml version="1.0" encoding="UTF-8"?>
<kml xmlns="http://www.opengis.net/kml/2.2">
  <Document>
    <name>PLAN E ADOPTED</name>
    <description/>
    <Style id="poly-0000FF-3000-56-normal">
      <LineStyle>
        <color>ffff0000</color>
        <width>3</width>
      </LineStyle>
      <PolyStyle>
        <color>38ff0000</color>
        <fill>1</fill>
        <outline>1</outline>
      </PolyStyle>
    </Style>
    <Style id="poly-0000FF-3000-56-highlight">
      <LineStyle>
        <color>ffff0000</color>
        <width>4.5</width>
      </LineStyle>
      <PolyStyle>
        <color>38ff0000</color>
        <fill>1</fill>
        <outline>1</outline>
      </PolyStyle>
    </Style>
    <StyleMap id="poly-0000FF-3000-56">
      <Pair>
        <key>normal</key>
        <styleUrl>#poly-0000FF-3000-56-normal</styleUrl>
      </Pair>
      <Pair>
        <key>highlight</key>
        <styleUrl>#poly-0000FF-3000-56-highlight</styleUrl>
      </Pair>
    </StyleMap>
    <Style id="poly-005500-3000-48-normal">
      <LineStyle>
        <color>ff005500</color>
        <width>3</width>
      </LineStyle>
      <PolyStyle>
        <color>30005500</color>
        <fill>1</fill>
        <outline>1</outline>
      </PolyStyle>
    </Style>
    <Style id="poly-005500-3000-48-highlight">
      <LineStyle>
        <color>ff005500</color>
        <width>4.5</width>
      </LineStyle>
      <PolyStyle>
        <color>30005500</color>
        <fill>1</fill>
        <outline>1</outline>
      </PolyStyle>
    </Style>
    <StyleMap id="poly-005500-3000-48">
      <Pair>
        <key>normal</key>
        <styleUrl>#poly-005500-3000-48-normal</styleUrl>
      </Pair>
      <Pair>
        <key>highlight</key>
        <styleUrl>#poly-005500-3000-48-highlight</styleUrl>
      </Pair>
    </StyleMap>
    <Style id="poly-00AAFF-3000-56-normal">
      <LineStyle>
        <color>ffffaa00</color>
        <width>3</width>
      </LineStyle>
      <PolyStyle>
        <color>38ffaa00</color>
        <fill>1</fill>
        <outline>1</outline>
      </PolyStyle>
    </Style>
    <Style id="poly-00AAFF-3000-56-highlight">
      <LineStyle>
        <color>ffffaa00</color>
        <width>4.5</width>
      </LineStyle>
      <PolyStyle>
        <color>38ffaa00</color>
        <fill>1</fill>
        <outline>1</outline>
      </PolyStyle>
    </Style>
    <StyleMap id="poly-00AAFF-3000-56">
      <Pair>
        <key>normal</key>
        <styleUrl>#poly-00AAFF-3000-56-normal</styleUrl>
      </Pair>
      <Pair>
        <key>highlight</key>
        <styleUrl>#poly-00AAFF-3000-56-highlight</styleUrl>
      </Pair>
    </StyleMap>
    <Style id="poly-00FFFF-3000-56-normal">
      <LineStyle>
        <color>ffffff00</color>
        <width>3</width>
      </LineStyle>
      <PolyStyle>
        <color>38ffff00</color>
        <fill>1</fill>
        <outline>1</outline>
      </PolyStyle>
    </Style>
    <Style id="poly-00FFFF-3000-56-highlight">
      <LineStyle>
        <color>ffffff00</color>
        <width>4.5</width>
      </LineStyle>
      <PolyStyle>
        <color>38ffff00</color>
        <fill>1</fill>
        <outline>1</outline>
      </PolyStyle>
    </Style>
    <StyleMap id="poly-00FFFF-3000-56">
      <Pair>
        <key>normal</key>
        <styleUrl>#poly-00FFFF-3000-56-normal</styleUrl>
      </Pair>
      <Pair>
        <key>highlight</key>
        <styleUrl>#poly-00FFFF-3000-56-highlight</styleUrl>
      </Pair>
    </StyleMap>
    <Style id="poly-55FF7F-3000-61-normal">
      <LineStyle>
        <color>ff7fff55</color>
        <width>3</width>
      </LineStyle>
      <PolyStyle>
        <color>3d7fff55</color>
        <fill>1</fill>
        <outline>1</outline>
      </PolyStyle>
    </Style>
    <Style id="poly-55FF7F-3000-61-highlight">
      <LineStyle>
        <color>ff7fff55</color>
        <width>4.5</width>
      </LineStyle>
      <PolyStyle>
        <color>3d7fff55</color>
        <fill>1</fill>
        <outline>1</outline>
      </PolyStyle>
    </Style>
    <StyleMap id="poly-55FF7F-3000-61">
      <Pair>
        <key>normal</key>
        <styleUrl>#poly-55FF7F-3000-61-normal</styleUrl>
      </Pair>
      <Pair>
        <key>highlight</key>
        <styleUrl>#poly-55FF7F-3000-61-highlight</styleUrl>
      </Pair>
    </StyleMap>
    <Style id="poly-FF00FF-3000-54-normal">
      <LineStyle>
        <color>ffff00ff</color>
        <width>3</width>
      </LineStyle>
      <PolyStyle>
        <color>36ff00ff</color>
        <fill>1</fill>
        <outline>1</outline>
      </PolyStyle>
    </Style>
    <Style id="poly-FF00FF-3000-54-highlight">
      <LineStyle>
        <color>ffff00ff</color>
        <width>4.5</width>
      </LineStyle>
      <PolyStyle>
        <color>36ff00ff</color>
        <fill>1</fill>
        <outline>1</outline>
      </PolyStyle>
    </Style>
    <StyleMap id="poly-FF00FF-3000-54">
      <Pair>
        <key>normal</key>
        <styleUrl>#poly-FF00FF-3000-54-normal</styleUrl>
      </Pair>
      <Pair>
        <key>highlight</key>
        <styleUrl>#poly-FF00FF-3000-54-highlight</styleUrl>
      </Pair>
    </StyleMap>
    <Style id="poly-FFAA00-3000-56-normal">
      <LineStyle>
        <color>ff00aaff</color>
        <width>3</width>
      </LineStyle>
      <PolyStyle>
        <color>3800aaff</color>
        <fill>1</fill>
        <outline>1</outline>
      </PolyStyle>
    </Style>
    <Style id="poly-FFAA00-3000-56-highlight">
      <LineStyle>
        <color>ff00aaff</color>
        <width>4.5</width>
      </LineStyle>
      <PolyStyle>
        <color>3800aaff</color>
        <fill>1</fill>
        <outline>1</outline>
      </PolyStyle>
    </Style>
    <StyleMap id="poly-FFAA00-3000-56">
      <Pair>
        <key>normal</key>
        <styleUrl>#poly-FFAA00-3000-56-normal</styleUrl>
      </Pair>
      <Pair>
        <key>highlight</key>
        <styleUrl>#poly-FFAA00-3000-56-highlight</styleUrl>
      </Pair>
    </StyleMap>
    <Style id="poly-FFFF00-3000-59-normal">
      <LineStyle>
        <color>ff00ffff</color>
        <width>3</width>
      </LineStyle>
      <PolyStyle>
        <color>3b00ffff</color>
        <fill>1</fill>
        <outline>1</outline>
      </PolyStyle>
    </Style>
    <Style id="poly-FFFF00-3000-59-highlight">
      <LineStyle>
        <color>ff00ffff</color>
        <width>4.5</width>
      </LineStyle>
      <PolyStyle>
        <color>3b00ffff</color>
        <fill>1</fill>
        <outline>1</outline>
      </PolyStyle>
    </Style>
    <StyleMap id="poly-FFFF00-3000-59">
      <Pair>
        <key>normal</key>
        <styleUrl>#poly-FFFF00-3000-59-normal</styleUrl>
      </Pair>
      <Pair>
        <key>highlight</key>
        <styleUrl>#poly-FFFF00-3000-59-highlight</styleUrl>
      </Pair>
    </StyleMap>
    <Folder>
      <name>Plan E -ADOPTED</name>
      <Placemark>
        <name>District 1</name>
        <description><![CDATA[description: <br>ID: 4<br>AREA: 11.3896<br>DISTRICT: 1<br>MEMBERS: 1<br>LOCKED: <br>NAME: <br>POPULATION: 33529<br>HISPANIC_O: 32565<br>BLACK: 64<br>H18_POP: 21230<br>F18_POP: 21819<br>F18_BLK: 43<br>DEVIATION: 1628<br>F_DEVIATIO: 0.051033<br>F_HISPANIC: 0.971249<br>F_BLACK: 0.001909<br>F_H18_POP: 0.633183<br>F_18_POP: 0.65075<br>F_18_BLK: 0.001282<br>IDEAL_VALU: 31901<br>DISTRICT_L: 1|5.1%]]></description>
        <styleUrl>#poly-FFAA00-3000-56</styleUrl>
        <ExtendedData>
          <Data name="description">
            <value/>
          </Data>
          <Data name="ID">
            <value>4</value>
          </Data>
          <Data name="AREA">
            <value>11.3896</value>
          </Data>
          <Data name="DISTRICT">
            <value>1</value>
          </Data>
          <Data name="MEMBERS">
            <value>1</value>
          </Data>
          <Data name="LOCKED">
            <value/>
          </Data>
          <Data name="NAME">
            <value/>
          </Data>
          <Data name="POPULATION">
            <value>33529</value>
          </Data>
          <Data name="HISPANIC_O">
            <value>32565</value>
          </Data>
          <Data name="BLACK">
            <value>64</value>
          </Data>
          <Data name="H18_POP">
            <value>21230</value>
          </Data>
          <Data name="F18_POP">
            <value>21819</value>
          </Data>
          <Data name="F18_BLK">
            <value>43</value>
          </Data>
          <Data name="DEVIATION">
            <value>1628</value>
          </Data>
          <Data name="F_DEVIATIO">
            <value>0.051033</value>
          </Data>
          <Data name="F_HISPANIC">
            <value>0.971249</value>
          </Data>
          <Data name="F_BLACK">
            <value>0.001909</value>
          </Data>
          <Data name="F_H18_POP">
            <value>0.633183</value>
          </Data>
          <Data name="F_18_POP">
            <value>0.65075</value>
          </Data>
          <Data name="F_18_BLK">
            <value>0.001282</value>
          </Data>
          <Data name="IDEAL_VALU">
            <value>31901</value>
          </Data>
          <Data name="DISTRICT_L">
            <value>1|5.1%</value>
          </Data>
        </ExtendedData>
        <Polygon>
          <outerBoundaryIs>
            <LinearRing>
              <tessellate>1</tessellate>
              <coordinates>
                -99.443477,27.463975,0
                -99.443416,27.464048,0
                -99.44337,27.464224,0
                -99.443434,27.464463,0
                -99.443446,27.464507,0
                -99.443537,27.464949,0
                -99.443647,27.465434,0
                -99.443678,27.465571,0
                -99.443768,27.466032,0
                -99.443842,27.466406,0
                -99.443872,27.466557,0
                -99.443806,27.466783,0
                -99.443727,27.46705,0
                -99.44372,27.467072,0
                -99.443455,27.467962,0
                -99.443244,27.468751,0
                -99.443384,27.46897,0
                -99.443642,27.468883,0
                -99.443753,27.468845,0
                -99.443795,27.468601,0
                -99.444022,27.468602,0
                -99.444351,27.468698,0
                -99.444398,27.468712,0
                -99.44462,27.468823,0
                -99.444793,27.468856,0
                -99.44499,27.468988,0
                -99.445157,27.469131,0
                -99.445324,27.469329,0
                -99.44562,27.46978,0
                -99.445823,27.469841,0
                -99.44591,27.470066,0
                -99.445928,27.470319,0
                -99.446027,27.470842,0
                -99.446064,27.471112,0
                -99.446188,27.471376,0
                -99.446114,27.471679,0
                -99.446083,27.471699,0
                -99.445966,27.471772,0
                -99.445627,27.471955,0
                -99.445601,27.47197,0
                -99.445398,27.472114,0
                -99.445275,27.472251,0
                -99.445256,27.472438,0
                -99.445145,27.472945,0
                -99.445015,27.473148,0
                -99.445019,27.473204,0
                -99.44503,27.473346,0
                -99.445034,27.473396,0
                -99.444954,27.473566,0
                -99.444884,27.473744,0
                -99.444833,27.473878,0
                -99.444775,27.474029,0
                -99.4448,27.474072,0
                -99.445442,27.474052,0
                -99.445068,27.474612,0
                -99.444681,27.475319,0
                -99.444347,27.476105,0
                -99.444089,27.477068,0
                -99.443997,27.47757,0
                -99.443858,27.480682,0
                -99.443774,27.482578,0
                -99.443719,27.486602,0
                -99.443614,27.488828,0
                -99.443573,27.49001,0
                -99.44352,27.491638,0
                -99.4436,27.492639,0
                -99.443747,27.493426,0
                -99.443907,27.4944,0
                -99.444014,27.495027,0
                -99.444054,27.495294,0
                -99.444067,27.495547,0
                -99.444,27.495948,0
                -99.443932,27.49651,0
                -99.445166,27.496723,0
                -99.446005,27.496866,0
                -99.446915,27.497021,0
                -99.446999,27.497035,0
                -99.447252,27.497078,0
                -99.447337,27.497093,0
                -99.447407,27.497105,0
                -99.447617,27.497141,0
                -99.447687,27.497153,0
                -99.44769,27.497086,0
                -99.447701,27.496885,0
                -99.447704,27.49683,0
                -99.447706,27.496819,0
                -99.447737,27.496646,0
                -99.447792,27.496506,0
                -99.44783,27.496443,0
                -99.447859,27.496406,0
                -99.447875,27.496387,0
                -99.447954,27.496312,0
                -99.448159,27.496141,0
                -99.448308,27.496029,0
                -99.44853,27.495916,0
                -99.448615,27.495874,0
                -99.448836,27.495769,0
                -99.449055,27.495665,0
                -99.44939,27.495514,0
                -99.449564,27.495434,0
                -99.450089,27.495196,0
                -99.450265,27.495118,0
                -99.450423,27.495042,0
                -99.450898,27.494816,0
                -99.451057,27.494741,0
                -99.45142,27.494568,0
                -99.451596,27.494485,0
                -99.452517,27.494059,0
                -99.452883,27.493891,0
                -99.453038,27.493819,0
                -99.453503,27.493604,0
                -99.453659,27.493533,0
                -99.453698,27.493512,0
                -99.453754,27.493482,0
                -99.453781,27.493468,0
                -99.453814,27.493448,0
                -99.453853,27.493426,0
                -99.453993,27.49336,0
                -99.454416,27.493166,0
                -99.454558,27.493101,0
                -99.454673,27.493047,0
                -99.455018,27.492889,0
                -99.455134,27.492836,0
                -99.455718,27.492566,0
                -99.4562,27.492345,0
                -99.457433,27.491787,0
                -99.457477,27.491767,0
                -99.458064,27.491502,0
                -99.4582,27.49144,0
                -99.459109,27.491098,0
                -99.459383,27.491009,0
                -99.459861,27.490876,0
                -99.460392,27.490766,0
                -99.46145,27.490603,0
                -99.462397,27.49044,0
                -99.46238,27.489632,0
                -99.462373,27.488728,0
                -99.462369,27.488545,0
                -99.462359,27.488,0
                -99.462356,27.487818,0
                -99.462355,27.487632,0
                -99.462354,27.487076,0
                -99.462354,27.486891,0
                -99.462352,27.486707,0
                -99.462346,27.486155,0
                -99.462345,27.485972,0
                -99.462345,27.485788,0
                -99.462346,27.485538,0
                -99.462347,27.485237,0
                -99.462348,27.485054,0
                -99.462344,27.484869,0
                -99.462334,27.484314,0
                -99.462331,27.48413,0
                -99.46233,27.483949,0
                -99.462327,27.483406,0
                -99.462327,27.483226,0
                -99.462326,27.483043,0
                -99.462326,27.482496,0
                -99.462326,27.482314,0
                -99.462325,27.481406,0
                -99.462326,27.480468,0
                -99.462315,27.479561,0
                -99.462306,27.478646,0
                -99.462303,27.478446,0
                -99.462295,27.477847,0
                -99.462294,27.477726,0
                -99.462293,27.477648,0
                -99.462291,27.477482,0
                -99.462289,27.477308,0
                -99.462285,27.476984,0
                -99.462283,27.476819,0
                -99.462285,27.476695,0
                -99.46229,27.476323,0
                -99.462293,27.4762,0
                -99.462293,27.476136,0
                -99.462296,27.475947,0
                -99.462298,27.475885,0
                -99.462293,27.475703,0
                -99.462279,27.47516,0
                -99.462275,27.474979,0
                -99.462274,27.474846,0
                -99.462272,27.474449,0
                -99.462272,27.474317,0
                -99.462271,27.474264,0
                -99.462271,27.474106,0
                -99.462271,27.474054,0
                -99.462268,27.473997,0
                -99.462262,27.473828,0
                -99.46226,27.473772,0
                -99.462258,27.473728,0
                -99.462253,27.473596,0
                -99.462252,27.473553,0
                -99.462251,27.472857,0
                -99.46225,27.471976,0
                -99.46224,27.471251,0
                -99.462235,27.470772,0
                -99.462235,27.470762,0
                -99.462227,27.470078,0
                -99.462196,27.46982,0
                -99.462164,27.469583,0
                -99.462121,27.469356,0
                -99.462109,27.469289,0
                -99.462075,27.469152,0
                -99.462061,27.469012,0
                -99.462031,27.468433,0
                -99.462023,27.46799,0
                -99.46199,27.466435,0
                -99.461959,27.464433,0
                -99.461929,27.463372,0
                -99.461898,27.463254,0
                -99.461872,27.463153,0
                -99.461804,27.46281,0
                -99.461707,27.462468,0
                -99.461497,27.462068,0
                -99.46143,27.461943,0
                -99.461269,27.461643,0
                -99.460841,27.4611,0
                -99.460782,27.461002,0
                -99.460681,27.460818,0
                -99.460057,27.459964,0
                -99.457709,27.460136,0
                -99.457577,27.460019,0
                -99.457529,27.458606,0
                -99.456902,27.4586,0
                -99.45689,27.457791,0
                -99.456879,27.456962,0
                -99.456872,27.456137,0
                -99.456883,27.455993,0
                -99.456914,27.455844,0
                -99.457026,27.455582,0
                -99.457078,27.455489,0
                -99.457115,27.455426,0
                -99.457193,27.45529,0
                -99.456394,27.45492,0
                -99.455563,27.454527,0
                -99.455046,27.454301,0
                -99.454971,27.45426,0
                -99.454936,27.454229,0
                -99.454894,27.454189,0
                -99.454863,27.454136,0
                -99.454841,27.454075,0
                -99.454823,27.454002,0
                -99.454804,27.45317,0
                -99.454804,27.453064,0
                -99.454804,27.453007,0
                -99.454811,27.452955,0
                -99.454816,27.45291,0
                -99.454843,27.452826,0
                -99.454896,27.452652,0
                -99.454996,27.452511,0
                -99.455072,27.452401,0
                -99.455105,27.452312,0
                -99.455129,27.452252,0
                -99.455156,27.452185,0
                -99.455166,27.452075,0
                -99.455173,27.451917,0
                -99.455193,27.451916,0
                -99.455412,27.451908,0
                -99.455485,27.451906,0
                -99.456289,27.451875,0
                -99.456394,27.451873,0
                -99.459124,27.451834,0
                -99.45924,27.451832,0
                -99.459824,27.451823,0
                -99.460034,27.451821,0
                -99.460724,27.451816,0
                -99.461702,27.451784,0
                -99.461766,27.451783,0
                -99.462164,27.451776,0
                -99.462494,27.45177,0
                -99.462989,27.451763,0
                -99.464478,27.451745,0
                -99.464974,27.451739,0
                -99.465137,27.451735,0
                -99.465466,27.451727,0
                -99.46563,27.451723,0
                -99.465794,27.45172,0
                -99.465875,27.451718,0
                -99.466118,27.451716,0
                -99.4662,27.451716,0
                -99.466289,27.451714,0
                -99.466556,27.451712,0
                -99.466646,27.451711,0
                -99.466811,27.451709,0
                -99.467306,27.451705,0
                -99.467472,27.451704,0
                -99.467567,27.4517,0
                -99.467852,27.451692,0
                -99.467948,27.45169,0
                -99.468017,27.451687,0
                -99.468228,27.451681,0
                -99.468298,27.451679,0
                -99.468465,27.451678,0
                -99.468967,27.451677,0
                -99.469135,27.451677,0
                -99.469302,27.451672,0
                -99.469803,27.451661,0
                -99.469971,27.451658,0
                -99.470422,27.451658,0
                -99.470744,27.451658,0
                -99.470913,27.451654,0
                -99.47142,27.451644,0
                -99.47159,27.451641,0
                -99.471844,27.451635,0
                -99.472609,27.451621,0
                -99.472864,27.451616,0
                -99.473306,27.451609,0
                -99.474635,27.451589,0
                -99.475078,27.451583,0
                -99.475576,27.451573,0
                -99.477071,27.451546,0
                -99.47757,27.451537,0
                -99.477612,27.451138,0
                -99.477613,27.451118,0
                -99.477734,27.449862,0
                -99.477775,27.449444,0
                -99.477802,27.449155,0
                -99.477886,27.44829,0
                -99.477914,27.448002,0
                -99.477919,27.447955,0
                -99.477932,27.447817,0
                -99.477935,27.447784,0
                -99.477976,27.447377,0
                -99.478162,27.445502,0
                -99.478182,27.445309,0
                -99.478205,27.445138,0
                -99.478232,27.444879,0
                -99.478267,27.44455,0
                -99.478376,27.443566,0
                -99.478412,27.443239,0
                -99.47843,27.443079,0
                -99.478446,27.442918,0
                -99.478542,27.441955,0
                -99.478574,27.441634,0
                -99.478655,27.440793,0
                -99.478819,27.4391,0
                -99.478903,27.438272,0
                -99.47899,27.437433,0
                -99.479034,27.436973,0
                -99.479109,27.436209,0
                -99.479147,27.435842,0
                -99.479181,27.435508,0
                -99.479195,27.435365,0
                -99.479242,27.434895,0
                -99.479258,27.434742,0
                -99.479279,27.434523,0
                -99.479302,27.434302,0
                -99.479345,27.433869,0
                -99.479367,27.433651,0
                -99.479388,27.433434,0
                -99.479454,27.432784,0
                -99.479476,27.432568,0
                -99.479597,27.43152,0
                -99.479624,27.431175,0
                -99.479708,27.430107,0
                -99.479773,27.429281,0
                -99.479776,27.429243,0
                -99.479821,27.428663,0
                -99.479911,27.426983,0
                -99.479924,27.426758,0
                -99.479999,27.425586,0
                -99.480011,27.425378,0
                -99.480013,27.425362,0
                -99.480042,27.424756,0
                -99.480053,27.424549,0
                -99.480065,27.424312,0
                -99.480105,27.423604,0
                -99.480119,27.423368,0
                -99.480128,27.423185,0
                -99.480159,27.422638,0
                -99.48017,27.422456,0
                -99.480255,27.420804,0
                -99.480258,27.420642,0
                -99.480272,27.419885,0
                -99.480328,27.416948,0
                -99.480343,27.416158,0
                -99.480355,27.415344,0
                -99.480378,27.414671,0
                -99.480405,27.413934,0
                -99.480438,27.412758,0
                -99.480439,27.412652,0
                -99.480452,27.41198,0
                -99.480455,27.411842,0
                -99.48046,27.411636,0
                -99.480479,27.410878,0
                -99.480479,27.410606,0
                -99.480479,27.410263,0
                -99.480479,27.410139,0
                -99.480479,27.409952,0
                -99.480468,27.409491,0
                -99.48046,27.409086,0
                -99.480435,27.408525,0
                -99.480376,27.40801,0
                -99.480271,27.407337,0
                -99.480237,27.407191,0
                -99.48012,27.406689,0
                -99.480051,27.406442,0
                -99.479888,27.405867,0
                -99.479397,27.404141,0
                -99.479235,27.403567,0
                -99.479177,27.403362,0
                -99.479096,27.403086,0
                -99.478677,27.401645,0
                -99.478537,27.401166,0
                -99.47835,27.400528,0
                -99.477725,27.398399,0
                -99.47756,27.397836,0
                -99.477553,27.397814,0
                -99.47682,27.395345,0
                -99.476186,27.393063,0
                -99.475328,27.390076,0
                -99.474305,27.386518,0
                -99.47399,27.38545,0
                -99.473279,27.383031,0
                -99.473088,27.382382,0
                -99.473047,27.382247,0
                -99.47273,27.381181,0
                -99.472704,27.381085,0
                -99.472674,27.380972,0
                -99.472616,27.380804,0
                -99.472585,27.380711,0
                -99.47249,27.380464,0
                -99.472395,27.380216,0
                -99.472197,27.37973,0
                -99.472131,27.379567,0
                -99.472096,27.379487,0
                -99.471932,27.379102,0
                -99.471915,27.379071,0
                -99.471776,27.37882,0
                -99.471628,27.378552,0
                -99.471332,27.378042,0
                -99.471171,27.377773,0
                -99.471105,27.377664,0
                -99.471014,27.377513,0
                -99.470871,27.377317,0
                -99.470646,27.376976,0
                -99.470519,27.376802,0
                -99.470301,27.376503,0
                -99.470186,27.376345,0
                -99.469778,27.375831,0
                -99.469554,27.375535,0
                -99.469385,27.375313,0
                -99.469271,27.375162,0
                -99.468986,27.374835,0
                -99.468389,27.374087,0
                -99.467881,27.373449,0
                -99.466956,27.372237,0
                -99.466525,27.371673,0
                -99.465211,27.370018,0
                -99.463585,27.368008,0
                -99.463513,27.367901,0
                -99.463341,27.367705,0
                -99.462657,27.366844,0
                -99.462449,27.366846,0
                -99.460629,27.36686,0
                -99.461715,27.368155,0
                -99.461187,27.36823,0
                -99.463841,27.371133,0
                -99.46478,27.37216,0
                -99.464806,27.372189,0
                -99.46492,27.372314,0
                -99.4658,27.373392,0
                -99.466967,27.37482,0
                -99.467782,27.376504,0
                -99.468137,27.376801,0
                -99.468935,27.377468,0
                -99.469141,27.377729,0
                -99.46922,27.377829,0
                -99.469487,27.37845,0
                -99.470434,27.380646,0
                -99.47075,27.381378,0
                -99.471322,27.383139,0
                -99.471396,27.383368,0
                -99.471471,27.383597,0
                -99.4716,27.383992,0
                -99.471728,27.384387,0
                -99.473635,27.390253,0
                -99.473767,27.390657,0
                -99.473821,27.390699,0
                -99.47431,27.392473,0
                -99.474764,27.394113,0
                -99.47537,27.396302,0
                -99.47544,27.396556,0
                -99.475528,27.396873,0
                -99.475727,27.397593,0
                -99.457888,27.397669,0
                -99.455399,27.397683,0
                -99.455242,27.39777,0
                -99.455321,27.397779,0
                -99.455365,27.397784,0
                -99.455485,27.397803,0
                -99.455517,27.397818,0
                -99.455539,27.397861,0
                -99.455552,27.39793,0
                -99.455553,27.398129,0
                -99.45556,27.398892,0
                -99.455559,27.39955,0
                -99.455556,27.399567,0
                -99.455559,27.399844,0
                -99.455571,27.400675,0
                -99.455575,27.400952,0
                -99.455365,27.40095,0
                -99.45449,27.400957,0
                -99.454216,27.400959,0
                -99.453554,27.400967,0
                -99.453311,27.400975,0
                -99.451316,27.400999,0
                -99.450304,27.401016,0
                -99.450143,27.401017,0
                -99.44931,27.401024,0
                -99.448785,27.401033,0
                -99.446629,27.401064,0
                -99.445622,27.401071,0
                -99.444725,27.401079,0
                -99.442654,27.401114,0
                -99.439092,27.401156,0
                -99.436623,27.401186,0
                -99.436135,27.401193,0
                -99.435464,27.401202,0
                -99.434861,27.401208,0
                -99.434062,27.401217,0
                -99.433637,27.401226,0
                -99.433017,27.401222,0
                -99.432974,27.401227,0
                -99.432907,27.401227,0
                -99.432263,27.401244,0
                -99.432126,27.401245,0
                -99.434052,27.404808,0
                -99.437295,27.410807,0
                -99.438133,27.410786,0
                -99.446861,27.410569,0
                -99.447064,27.413559,0
                -99.447064,27.421274,0
                -99.447065,27.421475,0
                -99.444859,27.421532,0
                -99.443581,27.421526,0
                -99.443577,27.427591,0
                -99.443575,27.432846,0
                -99.443713,27.435722,0
                -99.443985,27.437655,0
                -99.444673,27.43764,0
                -99.450676,27.437505,0
                -99.450691,27.439017,0
                -99.450727,27.442416,0
                -99.449801,27.44244,0
                -99.449803,27.444144,0
                -99.449803,27.444219,0
                -99.449811,27.451992,0
                -99.449115,27.451969,0
                -99.448984,27.451957,0
                -99.448857,27.451957,0
                -99.448214,27.451958,0
                -99.448071,27.451955,0
                -99.447689,27.451949,0
                -99.447467,27.451939,0
                -99.447331,27.451922,0
                -99.447147,27.451915,0
                -99.446948,27.451923,0
                -99.446753,27.451945,0
                -99.446317,27.451967,0
                -99.445995,27.451964,0
                -99.445719,27.451965,0
                -99.44526,27.451967,0
                -99.444934,27.451971,0
                -99.44482,27.451972,0
                -99.444481,27.451975,0
                -99.444368,27.451977,0
                -99.444332,27.451975,0
                -99.444224,27.451972,0
                -99.444188,27.451971,0
                -99.444005,27.451973,0
                -99.44059,27.452033,0
                -99.43245,27.452176,0
                -99.428602,27.452281,0
                -99.428683,27.456624,0
                -99.430744,27.456505,0
                -99.432404,27.456708,0
                -99.435679,27.457733,0
                -99.436304,27.457868,0
                -99.440815,27.45842,0
                -99.44153,27.458566,0
                -99.444124,27.459376,0
                -99.444259,27.459419,0
                -99.444354,27.459454,0
                -99.445069,27.459679,0
                -99.444504,27.461096,0
                -99.443371,27.463933,0
                -99.443477,27.463975,0
              </coordinates>
            </LinearRing>
          </outerBoundaryIs>
          <innerBoundaryIs>
            <LinearRing>
              <tessellate>1</tessellate>
              <coordinates>
                -99.456581,27.470024,0
                -99.46116,27.47289,0
                -99.462111,27.473485,0
                -99.462107,27.473436,0
                -99.4621,27.47333,0
                -99.453409,27.467858,0
                -99.452767,27.467461,0
                -99.449998,27.466392,0
                -99.449622,27.466247,0
                -99.449515,27.466205,0
                -99.448193,27.465695,0
                -99.450324,27.460738,0
                -99.450781,27.459416,0
                -99.450853,27.459041,0
                -99.448957,27.45852,0
                -99.446333,27.465083,0
                -99.446308,27.465146,0
                -99.448128,27.465843,0
                -99.449443,27.466346,0
                -99.449566,27.466393,0
                -99.449607,27.466409,0
                -99.449925,27.466531,0
                -99.451887,27.467282,0
                -99.45248,27.467509,0
                -99.452685,27.467586,0
                -99.455191,27.469155,0
                -99.456166,27.469765,0
                -99.456581,27.470024,0
              </coordinates>
            </LinearRing>
          </innerBoundaryIs>
        </Polygon>
      </Placemark>
      <Placemark>
        <name>District 2</name>
        <description><![CDATA[description: <br>ID: 7<br>AREA: 10.2783<br>DISTRICT: 2<br>MEMBERS: 1<br>LOCKED: <br>NAME: <br>POPULATION: 32113<br>HISPANIC_O: 30560<br>BLACK: 122<br>H18_POP: 20448<br>F18_POP: 21728<br>F18_BLK: 104<br>DEVIATION: 212<br>F_DEVIATIO: 0.006646<br>F_HISPANIC: 0.95164<br>F_BLACK: 0.003799<br>F_H18_POP: 0.636751<br>F_18_POP: 0.676611<br>F_18_BLK: 0.003239<br>IDEAL_VALU: 31901<br>DISTRICT_L: 2|0.66%]]></description>
        <styleUrl>#poly-55FF7F-3000-61</styleUrl>
        <ExtendedData>
          <Data name="description">
            <value/>
          </Data>
          <Data name="ID">
            <value>7</value>
          </Data>
          <Data name="AREA">
            <value>10.2783</value>
          </Data>
          <Data name="DISTRICT">
            <value>2</value>
          </Data>
          <Data name="MEMBERS">
            <value>1</value>
          </Data>
          <Data name="LOCKED">
            <value/>
          </Data>
          <Data name="NAME">
            <value/>
          </Data>
          <Data name="POPULATION">
            <value>32113</value>
          </Data>
          <Data name="HISPANIC_O">
            <value>30560</value>
          </Data>
          <Data name="BLACK">
            <value>122</value>
          </Data>
          <Data name="H18_POP">
            <value>20448</value>
          </Data>
          <Data name="F18_POP">
            <value>21728</value>
          </Data>
          <Data name="F18_BLK">
            <value>104</value>
          </Data>
          <Data name="DEVIATION">
            <value>212</value>
          </Data>
          <Data name="F_DEVIATIO">
            <value>0.006646</value>
          </Data>
          <Data name="F_HISPANIC">
            <value>0.95164</value>
          </Data>
          <Data name="F_BLACK">
            <value>0.003799</value>
          </Data>
          <Data name="F_H18_POP">
            <value>0.636751</value>
          </Data>
          <Data name="F_18_POP">
            <value>0.676611</value>
          </Data>
          <Data name="F_18_BLK">
            <value>0.003239</value>
          </Data>
          <Data name="IDEAL_VALU">
            <value>31901</value>
          </Data>
          <Data name="DISTRICT_L">
            <value>2|0.66%</value>
          </Data>
        </ExtendedData>
        <MultiGeometry>
          <Polygon>
            <outerBoundaryIs>
              <LinearRing>
                <tessellate>1</tessellate>
                <coordinates>
                  -99.462253,27.473596,0
                  -99.462258,27.473728,0
                  -99.46226,27.473772,0
                  -99.462262,27.473828,0
                  -99.462268,27.473997,0
                  -99.462271,27.474054,0
                  -99.462271,27.474106,0
                  -99.462271,27.474264,0
                  -99.462272,27.474317,0
                  -99.462272,27.474449,0
                  -99.462274,27.474846,0
                  -99.462275,27.474979,0
                  -99.462279,27.47516,0
                  -99.462293,27.475703,0
                  -99.462298,27.475885,0
                  -99.462296,27.475947,0
                  -99.462293,27.476136,0
                  -99.462293,27.4762,0
                  -99.46229,27.476323,0
                  -99.462285,27.476695,0
                  -99.462283,27.476819,0
                  -99.462285,27.476984,0
                  -99.462289,27.477308,0
                  -99.462291,27.477482,0
                  -99.462293,27.477648,0
                  -99.462294,27.477726,0
                  -99.462295,27.477847,0
                  -99.462303,27.478446,0
                  -99.462306,27.478646,0
                  -99.462315,27.479561,0
                  -99.462326,27.480468,0
                  -99.462733,27.480474,0
                  -99.463334,27.480469,0
                  -99.464254,27.480465,0
                  -99.464366,27.480465,0
                  -99.464573,27.480463,0
                  -99.465194,27.480461,0
                  -99.465402,27.480461,0
                  -99.465607,27.480459,0
                  -99.466224,27.480454,0
                  -99.46643,27.480453,0
                  -99.466634,27.480452,0
                  -99.467248,27.480451,0
                  -99.467453,27.480451,0
                  -99.46766,27.48045,0
                  -99.468284,27.480449,0
                  -99.468492,27.480449,0
                  -99.468694,27.480447,0
                  -99.469303,27.480444,0
                  -99.469506,27.480443,0
                  -99.469711,27.480441,0
                  -99.470329,27.480438,0
                  -99.470536,27.480437,0
                  -99.470739,27.480434,0
                  -99.471351,27.480426,0
                  -99.471555,27.480424,0
                  -99.471759,27.480423,0
                  -99.472374,27.480423,0
                  -99.472579,27.480423,0
                  -99.47271,27.480424,0
                  -99.473104,27.480427,0
                  -99.473236,27.480429,0
                  -99.473168,27.480612,0
                  -99.472965,27.481165,0
                  -99.472898,27.481349,0
                  -99.472829,27.481532,0
                  -99.472626,27.482081,0
                  -99.472558,27.482265,0
                  -99.472488,27.482447,0
                  -99.472279,27.482995,0
                  -99.47221,27.483178,0
                  -99.472178,27.483282,0
                  -99.472149,27.483362,0
                  -99.471955,27.483912,0
                  -99.471913,27.484033,0
                  -99.471899,27.484098,0
                  -99.471846,27.484281,0
                  -99.47183,27.484341,0
                  -99.471812,27.484404,0
                  -99.4717,27.484833,0
                  -99.471698,27.484843,0
                  -99.471664,27.48502,0
                  -99.471645,27.485114,0
                  -99.471616,27.48527,0
                  -99.471599,27.485397,0
                  -99.471587,27.485493,0
                  -99.471559,27.485701,0
                  -99.471533,27.485934,0
                  -99.471534,27.485976,0
                  -99.471527,27.486055,0
                  -99.47151,27.486848,0
                  -99.471532,27.487771,0
                  -99.471538,27.488675,0
                  -99.471545,27.488983,0
                  -99.471551,27.489592,0
                  -99.471555,27.490511,0
                  -99.471547,27.490698,0
                  -99.471533,27.49109,0
                  -99.47152,27.49126,0
                  -99.471507,27.491447,0
                  -99.471479,27.491633,0
                  -99.471419,27.49193,0
                  -99.471357,27.492159,0
                  -99.471287,27.492358,0
                  -99.471212,27.492542,0
                  -99.471045,27.492886,0
                  -99.470829,27.49329,0
                  -99.470597,27.49322,0
                  -99.47027,27.493105,0
                  -99.469942,27.492999,0
                  -99.469875,27.492978,0
                  -99.469713,27.492966,0
                  -99.46935,27.49294,0
                  -99.469177,27.492984,0
                  -99.469115,27.493078,0
                  -99.469091,27.493116,0
                  -99.469066,27.493292,0
                  -99.468937,27.493562,0
                  -99.468906,27.493672,0
                  -99.468709,27.494046,0
                  -99.468591,27.494222,0
                  -99.468468,27.494476,0
                  -99.468425,27.494531,0
                  -99.468173,27.494767,0
                  -99.468098,27.494839,0
                  -99.468061,27.494916,0
                  -99.468012,27.494965,0
                  -99.46782,27.495065,0
                  -99.467728,27.495076,0
                  -99.467691,27.495059,0
                  -99.467644,27.495059,0
                  -99.467629,27.495059,0
                  -99.467573,27.495065,0
                  -99.467536,27.495081,0
                  -99.467487,27.495081,0
                  -99.467401,27.495114,0
                  -99.467191,27.495125,0
                  -99.467142,27.495164,0
                  -99.46708,27.495186,0
                  -99.466975,27.495197,0
                  -99.466919,27.495252,0
                  -99.466907,27.495312,0
                  -99.466839,27.49534,0
                  -99.466637,27.495344,0
                  -99.466549,27.495346,0
                  -99.466105,27.495302,0
                  -99.465994,27.49534,0
                  -99.465932,27.49534,0
                  -99.465611,27.495203,0
                  -99.465518,27.495131,0
                  -99.465438,27.495049,0
                  -99.465395,27.494966,0
                  -99.465284,27.49485,0
                  -99.465092,27.494751,0
                  -99.464889,27.49468,0
                  -99.464691,27.49463,0
                  -99.464599,27.494586,0
                  -99.4645,27.494559,0
                  -99.464473,27.494559,0
                  -99.46442,27.494559,0
                  -99.46429,27.49463,0
                  -99.464216,27.494642,0
                  -99.463821,27.494565,0
                  -99.463584,27.494605,0
                  -99.463463,27.494625,0
                  -99.463013,27.494702,0
                  -99.462821,27.494719,0
                  -99.462531,27.49479,0
                  -99.462501,27.494818,0
                  -99.462367,27.494943,0
                  -99.462272,27.495033,0
                  -99.462137,27.495264,0
                  -99.462107,27.495413,0
                  -99.462081,27.49555,0
                  -99.462087,27.495594,0
                  -99.462137,27.495649,0
                  -99.462173,27.49573,0
                  -99.462273,27.495957,0
                  -99.462371,27.496078,0
                  -99.462445,27.496127,0
                  -99.46247,27.496144,0
                  -99.462601,27.496172,0
                  -99.462649,27.496599,0
                  -99.462795,27.49788,0
                  -99.462844,27.498308,0
                  -99.462844,27.498491,0
                  -99.462845,27.49868,0
                  -99.462851,27.49904,0
                  -99.462855,27.499223,0
                  -99.462857,27.499271,0
                  -99.462866,27.499417,0
                  -99.462869,27.499466,0
                  -99.462872,27.499525,0
                  -99.462883,27.499702,0
                  -99.462887,27.499762,0
                  -99.462915,27.499962,0
                  -99.462924,27.500023,0
                  -99.463035,27.50081,0
                  -99.463073,27.501072,0
                  -99.463072,27.501149,0
                  -99.463072,27.501382,0
                  -99.463072,27.50146,0
                  -99.463052,27.501767,0
                  -99.463039,27.501971,0
                  -99.462995,27.502688,0
                  -99.462982,27.5029,0
                  -99.462967,27.503155,0
                  -99.462941,27.503634,0
                  -99.462933,27.503794,0
                  -99.46313,27.503794,0
                  -99.463724,27.503796,0
                  -99.463922,27.503797,0
                  -99.464125,27.503796,0
                  -99.464738,27.503796,0
                  -99.464942,27.503796,0
                  -99.46515,27.503797,0
                  -99.465774,27.503802,0
                  -99.465982,27.503804,0
                  -99.466184,27.503802,0
                  -99.466793,27.5038,0
                  -99.466996,27.5038,0
                  -99.4672,27.503802,0
                  -99.467815,27.503809,0
                  -99.46802,27.503812,0
                  -99.468225,27.503811,0
                  -99.468559,27.50381,0
                  -99.468839,27.503808,0
                  -99.469044,27.503808,0
                  -99.469186,27.503807,0
                  -99.469613,27.503807,0
                  -99.469757,27.503807,0
                  -99.469819,27.503806,0
                  -99.470009,27.503804,0
                  -99.470072,27.503804,0
                  -99.47028,27.503803,0
                  -99.470907,27.503802,0
                  -99.471116,27.503802,0
                  -99.471322,27.503803,0
                  -99.471942,27.503808,0
                  -99.472149,27.50381,0
                  -99.472354,27.503812,0
                  -99.472971,27.503818,0
                  -99.473177,27.503821,0
                  -99.473382,27.503819,0
                  -99.474,27.503816,0
                  -99.474206,27.503815,0
                  -99.474409,27.503818,0
                  -99.475019,27.503827,0
                  -99.475223,27.503831,0
                  -99.475431,27.50383,0
                  -99.476057,27.503829,0
                  -99.476266,27.503829,0
                  -99.476469,27.503826,0
                  -99.477082,27.503819,0
                  -99.477286,27.503817,0
                  -99.477492,27.503818,0
                  -99.478113,27.503821,0
                  -99.47832,27.503822,0
                  -99.478523,27.503821,0
                  -99.479133,27.50382,0
                  -99.479337,27.50382,0
                  -99.479542,27.50382,0
                  -99.480157,27.503821,0
                  -99.480363,27.503822,0
                  -99.480572,27.50382,0
                  -99.481199,27.503816,0
                  -99.481409,27.503815,0
                  -99.481613,27.503814,0
                  -99.482225,27.503813,0
                  -99.48243,27.503813,0
                  -99.482636,27.503811,0
                  -99.483258,27.503807,0
                  -99.483465,27.503806,0
                  -99.483671,27.503806,0
                  -99.484291,27.503809,0
                  -99.484498,27.50381,0
                  -99.484498,27.503628,0
                  -99.484502,27.503085,0
                  -99.484503,27.502904,0
                  -99.484501,27.502721,0
                  -99.484498,27.502409,0
                  -99.4845,27.502175,0
                  -99.484503,27.501994,0
                  -99.4845,27.501807,0
                  -99.484497,27.501249,0
                  -99.484496,27.501064,0
                  -99.484487,27.500882,0
                  -99.484474,27.500618,0
                  -99.484463,27.500338,0
                  -99.484457,27.500157,0
                  -99.484462,27.499974,0
                  -99.484477,27.499425,0
                  -99.484487,27.499243,0
                  -99.484281,27.499244,0
                  -99.483666,27.499249,0
                  -99.483461,27.499251,0
                  -99.483456,27.499065,0
                  -99.483444,27.498507,0
                  -99.48344,27.498322,0
                  -99.483441,27.498138,0
                  -99.483445,27.497587,0
                  -99.483447,27.497404,0
                  -99.483447,27.497222,0
                  -99.48345,27.496676,0
                  -99.483451,27.496495,0
                  -99.48345,27.496313,0
                  -99.48345,27.495767,0
                  -99.48345,27.495586,0
                  -99.483448,27.4954,0
                  -99.483445,27.494842,0
                  -99.483444,27.494657,0
                  -99.483242,27.494656,0
                  -99.482636,27.494656,0
                  -99.482434,27.494656,0
                  -99.482434,27.49451,0
                  -99.482434,27.494074,0
                  -99.482435,27.494031,0
                  -99.482433,27.493929,0
                  -99.482432,27.493885,0
                  -99.48242,27.493809,0
                  -99.482388,27.493771,0
                  -99.482342,27.493736,0
                  -99.482282,27.493724,0
                  -99.482175,27.493717,0
                  -99.481631,27.493731,0
                  -99.481396,27.493738,0
                  -99.481392,27.493548,0
                  -99.481376,27.492788,0
                  -99.481106,27.492546,0
                  -99.48158,27.492125,0
                  -99.481987,27.492429,0
                  -99.482586,27.492877,0
                  -99.483067,27.492434,0
                  -99.482069,27.491689,0
                  -99.481055,27.490928,0
                  -99.480607,27.491362,0
                  -99.480285,27.491636,0
                  -99.480182,27.491733,0
                  -99.479905,27.490809,0
                  -99.479818,27.490506,0
                  -99.479734,27.490258,0
                  -99.479661,27.490112,0
                  -99.479571,27.489955,0
                  -99.479464,27.489811,0
                  -99.479358,27.489691,0
                  -99.479326,27.489654,0
                  -99.47918,27.489508,0
                  -99.478921,27.489272,0
                  -99.479068,27.48898,0
                  -99.479148,27.488837,0
                  -99.479155,27.488771,0
                  -99.479136,27.48865,0
                  -99.479104,27.488604,0
                  -99.478679,27.487995,0
                  -99.478679,27.487819,0
                  -99.479024,27.48712,0
                  -99.479333,27.486735,0
                  -99.479344,27.486725,0
                  -99.479456,27.486636,0
                  -99.479629,27.486267,0
                  -99.479758,27.486135,0
                  -99.47985,27.486067,0
                  -99.47991,27.486023,0
                  -99.480063,27.485911,0
                  -99.480127,27.485864,0
                  -99.480141,27.485854,0
                  -99.480219,27.485796,0
                  -99.480119,27.48534,0
                  -99.479927,27.484376,0
                  -99.479376,27.481606,0
                  -99.479311,27.480083,0
                  -99.479251,27.478635,0
                  -99.480968,27.47732,0
                  -99.482282,27.476315,0
                  -99.482965,27.473129,0
                  -99.483021,27.471556,0
                  -99.483068,27.47028,0
                  -99.483119,27.469396,0
                  -99.483945,27.467315,0
                  -99.483973,27.467244,0
                  -99.485239,27.465696,0
                  -99.485027,27.464869,0
                  -99.485103,27.464776,0
                  -99.485335,27.464499,0
                  -99.485412,27.464407,0
                  -99.485409,27.464364,0
                  -99.485408,27.464332,0
                  -99.485406,27.464235,0
                  -99.485406,27.464192,0
                  -99.485404,27.464067,0
                  -99.485725,27.463575,0
                  -99.486411,27.46261,0
                  -99.487028,27.461666,0
                  -99.487631,27.460672,0
                  -99.48837,27.459752,0
                  -99.488959,27.459012,0
                  -99.489764,27.458132,0
                  -99.490561,27.457449,0
                  -99.491378,27.456647,0
                  -99.492175,27.455818,0
                  -99.492845,27.454749,0
                  -99.493322,27.453607,0
                  -99.493495,27.453098,0
                  -99.494636,27.452539,0
                  -99.495104,27.451518,0
                  -99.494732,27.449727,0
                  -99.494646,27.44931,0
                  -99.494845,27.448043,0
                  -99.495272,27.446792,0
                  -99.495455,27.445728,0
                  -99.495577,27.444732,0
                  -99.495577,27.443187,0
                  -99.49576,27.441913,0
                  -99.495776,27.44165,0
                  -99.495821,27.440921,0
                  -99.495882,27.440147,0
                  -99.49576,27.439441,0
                  -99.495699,27.438884,0
                  -99.495516,27.43827,0
                  -99.495392,27.437665,0
                  -99.495074,27.436439,0
                  -99.495042,27.436317,0
                  -99.49483,27.4355,0
                  -99.494524,27.434623,0
                  -99.494097,27.433227,0
                  -99.493899,27.432578,0
                  -99.492852,27.429654,0
                  -99.492772,27.429431,0
                  -99.492692,27.429208,0
                  -99.492662,27.429123,0
                  -99.492402,27.428398,0
                  -99.491427,27.425675,0
                  -99.491183,27.424904,0
                  -99.490984,27.424294,0
                  -99.490801,27.423466,0
                  -99.490496,27.422261,0
                  -99.490435,27.421089,0
                  -99.490255,27.420336,0
                  -99.490115,27.419751,0
                  -99.489987,27.418993,0
                  -99.489931,27.418663,0
                  -99.489852,27.418457,0
                  -99.489626,27.417866,0
                  -99.489443,27.417111,0
                  -99.489375,27.416895,0
                  -99.489199,27.41634,0
                  -99.488818,27.415566,0
                  -99.48785,27.413573,0
                  -99.487765,27.413399,0
                  -99.487643,27.413071,0
                  -99.487582,27.412854,0
                  -99.487521,27.412396,0
                  -99.487521,27.412252,0
                  -99.487521,27.411572,0
                  -99.487704,27.409924,0
                  -99.487719,27.409879,0
                  -99.487887,27.409378,0
                  -99.488023,27.408814,0
                  -99.488131,27.408367,0
                  -99.488451,27.407383,0
                  -99.488634,27.406498,0
                  -99.488745,27.40593,0
                  -99.488818,27.405556,0
                  -99.488879,27.404225,0
                  -99.488903,27.404036,0
                  -99.489184,27.401791,0
                  -99.489322,27.40092,0
                  -99.48955,27.399475,0
                  -99.48958,27.399262,0
                  -99.489611,27.399041,0
                  -99.489715,27.398805,0
                  -99.489809,27.398594,0
                  -99.489992,27.398102,0
                  -99.490047,27.397971,0
                  -99.490191,27.397625,0
                  -99.490287,27.397313,0
                  -99.49042,27.396878,0
                  -99.490816,27.39613,0
                  -99.491656,27.394554,0
                  -99.492037,27.393776,0
                  -99.492076,27.393695,0
                  -99.492327,27.393175,0
                  -99.492405,27.392935,0
                  -99.492525,27.392568,0
                  -99.492709,27.391954,0
                  -99.492757,27.39152,0
                  -99.49277,27.391408,0
                  -99.492831,27.390802,0
                  -99.492831,27.390491,0
                  -99.492831,27.390191,0
                  -99.492709,27.386499,0
                  -99.492709,27.386049,0
                  -99.492571,27.385717,0
                  -99.492565,27.385704,0
                  -99.492449,27.385438,0
                  -99.492301,27.385281,0
                  -99.492083,27.385049,0
                  -99.492075,27.385031,0
                  -99.491778,27.384282,0
                  -99.491717,27.383668,0
                  -99.491723,27.383598,0
                  -99.491778,27.382905,0
                  -99.491897,27.382416,0
                  -99.4919,27.382402,0
                  -99.492083,27.38191,0
                  -99.492083,27.381578,0
                  -99.492135,27.381057,0
                  -99.492144,27.380964,0
                  -99.492144,27.380517,0
                  -99.492327,27.380128,0
                  -99.492525,27.379861,0
                  -99.492815,27.379423,0
                  -99.493136,27.37903,0
                  -99.493585,27.378662,0
                  -99.493746,27.37853,0
                  -99.494372,27.377977,0
                  -99.494875,27.377424,0
                  -99.495123,27.377035,0
                  -99.495364,27.376657,0
                  -99.495928,27.375299,0
                  -99.495999,27.375204,0
                  -99.496228,27.375027,0
                  -99.496327,27.374993,0
                  -99.496721,27.374859,0
                  -99.497076,27.374725,0
                  -99.49748,27.374472,0
                  -99.498327,27.373931,0
                  -99.498347,27.373918,0
                  -99.499076,27.37314,0
                  -99.4992,27.372924,0
                  -99.499248,27.372841,0
                  -99.499295,27.372758,0
                  -99.499443,27.372501,0
                  -99.499523,27.372188,0
                  -99.499819,27.371587,0
                  -99.499901,27.371405,0
                  -99.500025,27.371134,0
                  -99.500108,27.370984,0
                  -99.500319,27.370599,0
                  -99.500444,27.370426,0
                  -99.500507,27.37034,0
                  -99.500706,27.370041,0
                  -99.500877,27.369742,0
                  -99.501112,27.369403,0
                  -99.501248,27.369112,0
                  -99.501555,27.368651,0
                  -99.501825,27.368142,0
                  -99.502465,27.367003,0
                  -99.502564,27.366761,0
                  -99.502712,27.366503,0
                  -99.502597,27.366498,0
                  -99.502546,27.366496,0
                  -99.502486,27.366494,0
                  -99.502186,27.366482,0
                  -99.50205,27.366476,0
                  -99.501885,27.36647,0
                  -99.501673,27.366456,0
                  -99.50104,27.366415,0
                  -99.500829,27.366402,0
                  -99.495967,27.366508,0
                  -99.490768,27.366621,0
                  -99.488645,27.366637,0
                  -99.4765,27.366735,0
                  -99.476304,27.366736,0
                  -99.463115,27.36684,0
                  -99.462916,27.366842,0
                  -99.462657,27.366844,0
                  -99.463341,27.367705,0
                  -99.463513,27.367901,0
                  -99.463585,27.368008,0
                  -99.465211,27.370018,0
                  -99.466525,27.371673,0
                  -99.466956,27.372237,0
                  -99.467881,27.373449,0
                  -99.468389,27.374087,0
                  -99.468986,27.374835,0
                  -99.469271,27.375162,0
                  -99.469385,27.375313,0
                  -99.469554,27.375535,0
                  -99.469778,27.375831,0
                  -99.470186,27.376345,0
                  -99.470301,27.376503,0
                  -99.470519,27.376802,0
                  -99.470646,27.376976,0
                  -99.470871,27.377317,0
                  -99.471014,27.377513,0
                  -99.471105,27.377664,0
                  -99.471171,27.377773,0
                  -99.471332,27.378042,0
                  -99.471628,27.378552,0
                  -99.471776,27.37882,0
                  -99.471915,27.379071,0
                  -99.471932,27.379102,0
                  -99.472096,27.379487,0
                  -99.472131,27.379567,0
                  -99.472197,27.37973,0
                  -99.472395,27.380216,0
                  -99.47249,27.380464,0
                  -99.472585,27.380711,0
                  -99.472616,27.380804,0
                  -99.472674,27.380972,0
                  -99.472704,27.381085,0
                  -99.47273,27.381181,0
                  -99.473047,27.382247,0
                  -99.473088,27.382382,0
                  -99.473279,27.383031,0
                  -99.47399,27.38545,0
                  -99.474305,27.386518,0
                  -99.475328,27.390076,0
                  -99.476186,27.393063,0
                  -99.47682,27.395345,0
                  -99.477553,27.397814,0
                  -99.47756,27.397836,0
                  -99.477725,27.398399,0
                  -99.47835,27.400528,0
                  -99.478537,27.401166,0
                  -99.478677,27.401645,0
                  -99.479096,27.403086,0
                  -99.479177,27.403362,0
                  -99.479235,27.403567,0
                  -99.479397,27.404141,0
                  -99.479888,27.405867,0
                  -99.480051,27.406442,0
                  -99.48012,27.406689,0
                  -99.480237,27.407191,0
                  -99.480271,27.407337,0
                  -99.480376,27.40801,0
                  -99.480435,27.408525,0
                  -99.48046,27.409086,0
                  -99.480468,27.409491,0
                  -99.480479,27.409952,0
                  -99.480479,27.410139,0
                  -99.480479,27.410263,0
                  -99.480479,27.410606,0
                  -99.480479,27.410878,0
                  -99.48046,27.411636,0
                  -99.480455,27.411842,0
                  -99.480452,27.41198,0
                  -99.480439,27.412652,0
                  -99.480438,27.412758,0
                  -99.480405,27.413934,0
                  -99.480378,27.414671,0
                  -99.480355,27.415344,0
                  -99.480343,27.416158,0
                  -99.480328,27.416948,0
                  -99.480272,27.419885,0
                  -99.480258,27.420642,0
                  -99.480255,27.420804,0
                  -99.48017,27.422456,0
                  -99.480159,27.422638,0
                  -99.480128,27.423185,0
                  -99.480119,27.423368,0
                  -99.480105,27.423604,0
                  -99.480065,27.424312,0
                  -99.480053,27.424549,0
                  -99.480042,27.424756,0
                  -99.480013,27.425362,0
                  -99.480011,27.425378,0
                  -99.479999,27.425586,0
                  -99.479924,27.426758,0
                  -99.479911,27.426983,0
                  -99.479821,27.428663,0
                  -99.479776,27.429243,0
                  -99.479773,27.429281,0
                  -99.479708,27.430107,0
                  -99.479624,27.431175,0
                  -99.479597,27.43152,0
                  -99.479476,27.432568,0
                  -99.479454,27.432784,0
                  -99.479388,27.433434,0
                  -99.479367,27.433651,0
                  -99.479345,27.433869,0
                  -99.479302,27.434302,0
                  -99.479279,27.434523,0
                  -99.479258,27.434742,0
                  -99.479242,27.434895,0
                  -99.479195,27.435365,0
                  -99.479181,27.435508,0
                  -99.479147,27.435842,0
                  -99.479109,27.436209,0
                  -99.479034,27.436973,0
                  -99.47899,27.437433,0
                  -99.478903,27.438272,0
                  -99.478819,27.4391,0
                  -99.478655,27.440793,0
                  -99.478574,27.441634,0
                  -99.478542,27.441955,0
                  -99.478446,27.442918,0
                  -99.47843,27.443079,0
                  -99.478412,27.443239,0
                  -99.478376,27.443566,0
                  -99.478267,27.44455,0
                  -99.478232,27.444879,0
                  -99.478205,27.445138,0
                  -99.478182,27.445309,0
                  -99.478162,27.445502,0
                  -99.477976,27.447377,0
                  -99.477935,27.447784,0
                  -99.477932,27.447817,0
                  -99.477919,27.447955,0
                  -99.477914,27.448002,0
                  -99.477886,27.44829,0
                  -99.477802,27.449155,0
                  -99.477775,27.449444,0
                  -99.477734,27.449862,0
                  -99.477613,27.451118,0
                  -99.477612,27.451138,0
                  -99.47757,27.451537,0
                  -99.477071,27.451546,0
                  -99.475576,27.451573,0
                  -99.475078,27.451583,0
                  -99.474635,27.451589,0
                  -99.473306,27.451609,0
                  -99.472864,27.451616,0
                  -99.472609,27.451621,0
                  -99.471844,27.451635,0
                  -99.47159,27.451641,0
                  -99.47142,27.451644,0
                  -99.470913,27.451654,0
                  -99.470744,27.451658,0
                  -99.470422,27.451658,0
                  -99.469971,27.451658,0
                  -99.469803,27.451661,0
                  -99.469302,27.451672,0
                  -99.469135,27.451677,0
                  -99.468967,27.451677,0
                  -99.468465,27.451678,0
                  -99.468298,27.451679,0
                  -99.468228,27.451681,0
                  -99.468017,27.451687,0
                  -99.467948,27.45169,0
                  -99.467852,27.451692,0
                  -99.467567,27.4517,0
                  -99.467472,27.451704,0
                  -99.467306,27.451705,0
                  -99.466811,27.451709,0
                  -99.466646,27.451711,0
                  -99.466556,27.451712,0
                  -99.466289,27.451714,0
                  -99.4662,27.451716,0
                  -99.466118,27.451716,0
                  -99.465875,27.451718,0
                  -99.465794,27.45172,0
                  -99.46563,27.451723,0
                  -99.465466,27.451727,0
                  -99.465137,27.451735,0
                  -99.464974,27.451739,0
                  -99.464478,27.451745,0
                  -99.462989,27.451763,0
                  -99.462494,27.45177,0
                  -99.462164,27.451776,0
                  -99.461766,27.451783,0
                  -99.461702,27.451784,0
                  -99.460724,27.451816,0
                  -99.460034,27.451821,0
                  -99.459824,27.451823,0
                  -99.45924,27.451832,0
                  -99.459124,27.451834,0
                  -99.456394,27.451873,0
                  -99.456289,27.451875,0
                  -99.455485,27.451906,0
                  -99.455412,27.451908,0
                  -99.455193,27.451916,0
                  -99.455173,27.451917,0
                  -99.455166,27.452075,0
                  -99.455156,27.452185,0
                  -99.455129,27.452252,0
                  -99.455105,27.452312,0
                  -99.455072,27.452401,0
                  -99.454996,27.452511,0
                  -99.454896,27.452652,0
                  -99.454843,27.452826,0
                  -99.454816,27.45291,0
                  -99.454811,27.452955,0
                  -99.454804,27.453007,0
                  -99.454804,27.453064,0
                  -99.454804,27.45317,0
                  -99.454823,27.454002,0
                  -99.454841,27.454075,0
                  -99.454863,27.454136,0
                  -99.454894,27.454189,0
                  -99.454936,27.454229,0
                  -99.454971,27.45426,0
                  -99.455046,27.454301,0
                  -99.455563,27.454527,0
                  -99.456394,27.45492,0
                  -99.457193,27.45529,0
                  -99.457115,27.455426,0
                  -99.457078,27.455489,0
                  -99.457026,27.455582,0
                  -99.456914,27.455844,0
                  -99.456883,27.455993,0
                  -99.456872,27.456137,0
                  -99.456879,27.456962,0
                  -99.45689,27.457791,0
                  -99.456902,27.4586,0
                  -99.457529,27.458606,0
                  -99.457577,27.460019,0
                  -99.457709,27.460136,0
                  -99.460057,27.459964,0
                  -99.460681,27.460818,0
                  -99.460782,27.461002,0
                  -99.460841,27.4611,0
                  -99.461269,27.461643,0
                  -99.46143,27.461943,0
                  -99.461497,27.462068,0
                  -99.461707,27.462468,0
                  -99.461804,27.46281,0
                  -99.461872,27.463153,0
                  -99.461898,27.463254,0
                  -99.461929,27.463372,0
                  -99.461959,27.464433,0
                  -99.46199,27.466435,0
                  -99.462023,27.46799,0
                  -99.462031,27.468433,0
                  -99.462061,27.469012,0
                  -99.462075,27.469152,0
                  -99.462109,27.469289,0
                  -99.462121,27.469356,0
                  -99.462164,27.469583,0
                  -99.462196,27.46982,0
                  -99.462227,27.470078,0
                  -99.462235,27.470762,0
                  -99.462235,27.470772,0
                  -99.46224,27.471251,0
                  -99.46225,27.471976,0
                  -99.462251,27.472857,0
                  -99.462252,27.473553,0
                  -99.462253,27.473596,0
                </coordinates>
              </LinearRing>
            </outerBoundaryIs>
          </Polygon>
          <Polygon>
            <outerBoundaryIs>
              <LinearRing>
                <tessellate>1</tessellate>
                <coordinates>
                  -99.456315,27.516847,0
                  -99.45624,27.516748,0
                  -99.45623,27.516739,0
                  -99.456164,27.516739,0
                  -99.455969,27.516741,0
                  -99.455904,27.516742,0
                  -99.455891,27.516742,0
                  -99.45585,27.516742,0
                  -99.455689,27.516742,0
                  -99.455636,27.516742,0
                  -99.454292,27.516744,0
                  -99.45336,27.516746,0
                  -99.452953,27.516747,0
                  -99.451062,27.516763,0
                  -99.450261,27.516754,0
                  -99.45001,27.516752,0
                  -99.449826,27.516741,0
                  -99.449543,27.516717,0
                  -99.44914,27.51667,0
                  -99.44893,27.516613,0
                  -99.448903,27.516752,0
                  -99.449086,27.516768,0
                  -99.449278,27.516792,0
                  -99.449873,27.516855,0
                  -99.450342,27.516878,0
                  -99.45565,27.516851,0
                  -99.456315,27.516847,0
                </coordinates>
              </LinearRing>
            </outerBoundaryIs>
          </Polygon>
        </MultiGeometry>
      </Placemark>
      <Placemark>
        <name>District 3</name>
        <description><![CDATA[description: <br>ID: 8<br>AREA: 10.6038<br>DISTRICT: 3<br>MEMBERS: 1<br>LOCKED: <br>NAME: <br>POPULATION: 31877<br>HISPANIC_O: 30724<br>BLACK: 111<br>H18_POP: 20888<br>F18_POP: 21696<br>F18_BLK: 85<br>DEVIATION: -24<br>F_DEVIATIO: -0.000752<br>F_HISPANIC: 0.96383<br>F_BLACK: 0.003482<br>F_H18_POP: 0.655269<br>F_18_POP: 0.680616<br>F_18_BLK: 0.002666<br>IDEAL_VALU: 31901<br>DISTRICT_L: 3|-0.08%]]></description>
        <styleUrl>#poly-00FFFF-3000-56</styleUrl>
        <ExtendedData>
          <Data name="description">
            <value/>
          </Data>
          <Data name="ID">
            <value>8</value>
          </Data>
          <Data name="AREA">
            <value>10.6038</value>
          </Data>
          <Data name="DISTRICT">
            <value>3</value>
          </Data>
          <Data name="MEMBERS">
            <value>1</value>
          </Data>
          <Data name="LOCKED">
            <value/>
          </Data>
          <Data name="NAME">
            <value/>
          </Data>
          <Data name="POPULATION">
            <value>31877</value>
          </Data>
          <Data name="HISPANIC_O">
            <value>30724</value>
          </Data>
          <Data name="BLACK">
            <value>111</value>
          </Data>
          <Data name="H18_POP">
            <value>20888</value>
          </Data>
          <Data name="F18_POP">
            <value>21696</value>
          </Data>
          <Data name="F18_BLK">
            <value>85</value>
          </Data>
          <Data name="DEVIATION">
            <value>-24</value>
          </Data>
          <Data name="F_DEVIATIO">
            <value>-0.000752</value>
          </Data>
          <Data name="F_HISPANIC">
            <value>0.96383</value>
          </Data>
          <Data name="F_BLACK">
            <value>0.003482</value>
          </Data>
          <Data name="F_H18_POP">
            <value>0.655269</value>
          </Data>
          <Data name="F_18_POP">
            <value>0.680616</value>
          </Data>
          <Data name="F_18_BLK">
            <value>0.002666</value>
          </Data>
          <Data name="IDEAL_VALU">
            <value>31901</value>
          </Data>
          <Data name="DISTRICT_L">
            <value>3|-0.08%</value>
          </Data>
        </ExtendedData>
        <MultiGeometry>
          <Polygon>
            <outerBoundaryIs>
              <LinearRing>
                <tessellate>1</tessellate>
                <coordinates>
                  -99.445146,27.528229,0
                  -99.444616,27.528205,0
                  -99.443731,27.528157,0
                  -99.442443,27.528119,0
                  -99.441869,27.528086,0
                  -99.441711,27.528095,0
                  -99.441616,27.528139,0
                  -99.441692,27.5282,0
                  -99.441797,27.528221,0
                  -99.444556,27.528358,0
                  -99.445139,27.528386,0
                  -99.445311,27.528395,0
                  -99.445311,27.528297,0
                  -99.445313,27.528262,0
                  -99.445315,27.528228,0
                  -99.445146,27.528229,0
                </coordinates>
              </LinearRing>
            </outerBoundaryIs>
          </Polygon>
          <Polygon>
            <outerBoundaryIs>
              <LinearRing>
                <tessellate>1</tessellate>
                <coordinates>
                  -99.445434,27.528229,0
                  -99.445436,27.528192,0
                  -99.44545,27.527947,0
                  -99.445545,27.526303,0
                  -99.44565,27.525463,0
                  -99.445755,27.524769,0
                  -99.445852,27.524135,0
                  -99.445913,27.523832,0
                  -99.445962,27.523592,0
                  -99.446045,27.523261,0
                  -99.446062,27.52305,0
                  -99.445941,27.523268,0
                  -99.445836,27.523656,0
                  -99.445747,27.524059,0
                  -99.445683,27.524455,0
                  -99.445626,27.524831,0
                  -99.445578,27.525327,0
                  -99.44544,27.526384,0
                  -99.445315,27.528228,0
                  -99.445434,27.528229,0
                </coordinates>
              </LinearRing>
            </outerBoundaryIs>
          </Polygon>
          <Polygon>
            <outerBoundaryIs>
              <LinearRing>
                <tessellate>1</tessellate>
                <coordinates>
                  -99.447617,27.497141,0
                  -99.447407,27.497105,0
                  -99.447337,27.497093,0
                  -99.447252,27.497078,0
                  -99.446999,27.497035,0
                  -99.446915,27.497021,0
                  -99.446005,27.496866,0
                  -99.445166,27.496723,0
                  -99.443932,27.49651,0
                  -99.444,27.495948,0
                  -99.444067,27.495547,0
                  -99.444054,27.495294,0
                  -99.444014,27.495027,0
                  -99.443907,27.4944,0
                  -99.443747,27.493426,0
                  -99.4436,27.492639,0
                  -99.44352,27.491638,0
                  -99.443573,27.49001,0
                  -99.443614,27.488828,0
                  -99.443719,27.486602,0
                  -99.443774,27.482578,0
                  -99.443858,27.480682,0
                  -99.443997,27.47757,0
                  -99.444089,27.477068,0
                  -99.444347,27.476105,0
                  -99.444681,27.475319,0
                  -99.445068,27.474612,0
                  -99.445442,27.474052,0
                  -99.4448,27.474072,0
                  -99.444775,27.474029,0
                  -99.444833,27.473878,0
                  -99.444884,27.473744,0
                  -99.444954,27.473566,0
                  -99.445034,27.473396,0
                  -99.44503,27.473346,0
                  -99.445019,27.473204,0
                  -99.445015,27.473148,0
                  -99.445145,27.472945,0
                  -99.445256,27.472438,0
                  -99.445275,27.472251,0
                  -99.445398,27.472114,0
                  -99.445601,27.47197,0
                  -99.445627,27.471955,0
                  -99.445966,27.471772,0
                  -99.446083,27.471699,0
                  -99.446114,27.471679,0
                  -99.446188,27.471376,0
                  -99.446064,27.471112,0
                  -99.446027,27.470842,0
                  -99.445928,27.470319,0
                  -99.44591,27.470066,0
                  -99.445823,27.469841,0
                  -99.44562,27.46978,0
                  -99.445324,27.469329,0
                  -99.445157,27.469131,0
                  -99.44499,27.468988,0
                  -99.444793,27.468856,0
                  -99.44462,27.468823,0
                  -99.444398,27.468712,0
                  -99.444351,27.468698,0
                  -99.444022,27.468602,0
                  -99.443795,27.468601,0
                  -99.443753,27.468845,0
                  -99.443642,27.468883,0
                  -99.443384,27.46897,0
                  -99.443244,27.468751,0
                  -99.443455,27.467962,0
                  -99.44372,27.467072,0
                  -99.443727,27.46705,0
                  -99.443806,27.466783,0
                  -99.443872,27.466557,0
                  -99.443842,27.466406,0
                  -99.443768,27.466032,0
                  -99.443678,27.465571,0
                  -99.443647,27.465434,0
                  -99.443537,27.464949,0
                  -99.443446,27.464507,0
                  -99.443434,27.464463,0
                  -99.44337,27.464224,0
                  -99.443416,27.464048,0
                  -99.443477,27.463975,0
                  -99.443371,27.463933,0
                  -99.443337,27.464017,0
                  -99.44284,27.463823,0
                  -99.442007,27.465557,0
                  -99.441614,27.46645,0
                  -99.441176,27.46745,0
                  -99.441139,27.467776,0
                  -99.44126,27.469538,0
                  -99.44227,27.472111,0
                  -99.442337,27.474323,0
                  -99.442313,27.474448,0
                  -99.439952,27.474497,0
                  -99.439951,27.474426,0
                  -99.439895,27.471918,0
                  -99.438171,27.471948,0
                  -99.437999,27.471955,0
                  -99.437828,27.471968,0
                  -99.437658,27.471988,0
                  -99.437488,27.472016,0
                  -99.43732,27.472049,0
                  -99.436839,27.472157,0
                  -99.43678,27.472168,0
                  -99.436719,27.472175,0
                  -99.436659,27.472178,0
                  -99.435983,27.47219,0
                  -99.436034,27.474473,0
                  -99.436034,27.474485,0
                  -99.436034,27.474506,0
                  -99.436038,27.47458,0
                  -99.433616,27.474632,0
                  -99.429235,27.477143,0
                  -99.428991,27.476635,0
                  -99.428489,27.476358,0
                  -99.428442,27.476092,0
                  -99.428418,27.474658,0
                  -99.427068,27.474689,0
                  -99.426413,27.474687,0
                  -99.425543,27.474699,0
                  -99.424625,27.474713,0
                  -99.423377,27.474732,0
                  -99.413636,27.474905,0
                  -99.413397,27.47491,0
                  -99.402287,27.475068,0
                  -99.402425,27.482211,0
                  -99.403923,27.482293,0
                  -99.403936,27.484424,0
                  -99.403949,27.484799,0
                  -99.401807,27.48422,0
                  -99.400078,27.483745,0
                  -99.399237,27.483526,0
                  -99.398888,27.483444,0
                  -99.398536,27.483372,0
                  -99.398181,27.483311,0
                  -99.397824,27.483261,0
                  -99.39767,27.483243,0
                  -99.397465,27.483223,0
                  -99.397106,27.483195,0
                  -99.396745,27.483179,0
                  -99.396384,27.483174,0
                  -99.396022,27.48318,0
                  -99.393551,27.483224,0
                  -99.393524,27.481986,0
                  -99.392276,27.482013,0
                  -99.383171,27.482181,0
                  -99.381502,27.482214,0
                  -99.378963,27.482259,0
                  -99.378952,27.481705,0
                  -99.378827,27.481706,0
                  -99.378482,27.481713,0
                  -99.378329,27.481715,0
                  -99.378303,27.480513,0
                  -99.375224,27.480564,0
                  -99.375258,27.482306,0
                  -99.375258,27.482323,0
                  -99.374983,27.482329,0
                  -99.372477,27.482373,0
                  -99.371782,27.482383,0
                  -99.370894,27.482396,0
                  -99.370428,27.482404,0
                  -99.364255,27.482511,0
                  -99.360105,27.482579,0
                  -99.351624,27.482686,0
                  -99.351644,27.483924,0
                  -99.351175,27.48393,0
                  -99.346418,27.483989,0
                  -99.345926,27.483994,0
                  -99.342441,27.484042,0
                  -99.332178,27.484172,0
                  -99.33181,27.484175,0
                  -99.331024,27.484183,0
                  -99.331048,27.485549,0
                  -99.331072,27.486933,0
                  -99.333896,27.486898,0
                  -99.333936,27.489402,0
                  -99.331116,27.489447,0
                  -99.331169,27.49245,0
                  -99.331189,27.494057,0
                  -99.332214,27.494278,0
                  -99.33251,27.494337,0
                  -99.332809,27.494386,0
                  -99.333109,27.494427,0
                  -99.333411,27.494458,0
                  -99.333714,27.494479,0
                  -99.334017,27.494491,0
                  -99.334291,27.494494,0
                  -99.334565,27.494489,0
                  -99.334838,27.494476,0
                  -99.335111,27.494456,0
                  -99.335383,27.494428,0
                  -99.335654,27.494392,0
                  -99.336796,27.494226,0
                  -99.339684,27.493804,0
                  -99.340518,27.493682,0
                  -99.341472,27.493543,0
                  -99.34168,27.493515,0
                  -99.341889,27.493495,0
                  -99.342099,27.493481,0
                  -99.342309,27.493473,0
                  -99.342519,27.493472,0
                  -99.34273,27.493477,0
                  -99.342937,27.493489,0
                  -99.343145,27.493507,0
                  -99.343351,27.493532,0
                  -99.343557,27.493563,0
                  -99.343761,27.4936,0
                  -99.343963,27.493643,0
                  -99.344164,27.493693,0
                  -99.344363,27.493749,0
                  -99.345356,27.494044,0
                  -99.345373,27.493801,0
                  -99.345392,27.493663,0
                  -99.345278,27.493668,0
                  -99.345329,27.493194,0
                  -99.345446,27.492125,0
                  -99.345559,27.491085,0
                  -99.345666,27.489518,0
                  -99.345828,27.489517,0
                  -99.345944,27.489514,0
                  -99.346041,27.488095,0
                  -99.346048,27.488,0
                  -99.347557,27.487981,0
                  -99.349053,27.487962,0
                  -99.349175,27.495562,0
                  -99.351977,27.497116,0
                  -99.352274,27.497281,0
                  -99.35244,27.49737,0
                  -99.352609,27.497453,0
                  -99.352781,27.497532,0
                  -99.352956,27.497605,0
                  -99.353134,27.497673,0
                  -99.353314,27.497736,0
                  -99.353497,27.497793,0
                  -99.35366,27.497841,0
                  -99.354099,27.497956,0
                  -99.354384,27.498069,0
                  -99.35446,27.4979,0
                  -99.354375,27.496698,0
                  -99.354373,27.496583,0
                  -99.354366,27.496231,0
                  -99.35427,27.490662,0
                  -99.354239,27.488806,0
                  -99.354227,27.488543,0
                  -99.354243,27.488097,0
                  -99.354248,27.487991,0
                  -99.354182,27.48597,0
                  -99.354159,27.485262,0
                  -99.35419,27.485261,0
                  -99.354286,27.48526,0
                  -99.354318,27.48526,0
                  -99.354319,27.485295,0
                  -99.354324,27.4854,0
                  -99.354326,27.485435,0
                  -99.354805,27.485415,0
                  -99.355131,27.485402,0
                  -99.356245,27.485356,0
                  -99.356726,27.485337,0
                  -99.357188,27.485327,0
                  -99.358227,27.485305,0
                  -99.358578,27.485298,0
                  -99.359041,27.485289,0
                  -99.359131,27.485287,0
                  -99.359686,27.485282,0
                  -99.361623,27.485267,0
                  -99.362269,27.485263,0
                  -99.363194,27.485225,0
                  -99.363311,27.48522,0
                  -99.36334,27.485269,0
                  -99.363355,27.485315,0
                  -99.36337,27.485375,0
                  -99.363379,27.485456,0
                  -99.363377,27.485515,0
                  -99.363375,27.485577,0
                  -99.363374,27.485647,0
                  -99.363373,27.485722,0
                  -99.363372,27.485803,0
                  -99.363371,27.485889,0
                  -99.363372,27.48598,0
                  -99.363371,27.486075,0
                  -99.363371,27.486173,0
                  -99.363371,27.486274,0
                  -99.363372,27.486376,0
                  -99.363373,27.486481,0
                  -99.363376,27.486587,0
                  -99.363379,27.486695,0
                  -99.36338,27.486805,0
                  -99.363382,27.486917,0
                  -99.363384,27.48703,0
                  -99.363385,27.487144,0
                  -99.363386,27.487259,0
                  -99.363387,27.487375,0
                  -99.363388,27.487493,0
                  -99.363389,27.487733,0
                  -99.363392,27.487979,0
                  -99.363394,27.488105,0
                  -99.363396,27.488231,0
                  -99.363397,27.488489,0
                  -99.363397,27.48875,0
                  -99.363398,27.488881,0
                  -99.363402,27.489148,0
                  -99.363405,27.489418,0
                  -99.363407,27.489557,0
                  -99.363413,27.489837,0
                  -99.363421,27.490119,0
                  -99.363423,27.49026,0
                  -99.363424,27.4904,0
                  -99.363425,27.490539,0
                  -99.363426,27.490678,0
                  -99.363426,27.490801,0
                  -99.364708,27.490751,0
                  -99.364633,27.485304,0
                  -99.364632,27.485171,0
                  -99.365972,27.48515,0
                  -99.366165,27.485147,0
                  -99.366316,27.485145,0
                  -99.36645,27.485143,0
                  -99.366766,27.485138,0
                  -99.366899,27.485136,0
                  -99.36714,27.485132,0
                  -99.367557,27.485125,0
                  -99.367867,27.485121,0
                  -99.368109,27.485118,0
                  -99.368452,27.485112,0
                  -99.369216,27.4851,0
                  -99.369483,27.485097,0
                  -99.369827,27.485092,0
                  -99.369865,27.485092,0
                  -99.369982,27.485092,0
                  -99.370021,27.485092,0
                  -99.370247,27.485088,0
                  -99.370642,27.485082,0
                  -99.370928,27.485079,0
                  -99.371155,27.485077,0
                  -99.372355,27.485068,0
                  -99.373837,27.485058,0
                  -99.374208,27.485053,0
                  -99.374404,27.485049,0
                  -99.374492,27.485046,0
                  -99.374756,27.485041,0
                  -99.374844,27.485039,0
                  -99.375317,27.485026,0
                  -99.375558,27.485021,0
                  -99.37559,27.48502,0
                  -99.37763,27.484976,0
                  -99.37783,27.484972,0
                  -99.378577,27.484956,0
                  -99.378871,27.484952,0
                  -99.379124,27.484948,0
                  -99.379244,27.484946,0
                  -99.381245,27.484913,0
                  -99.381367,27.484912,0
                  -99.381435,27.48491,0
                  -99.381913,27.484894,0
                  -99.382899,27.484905,0
                  -99.38323,27.48491,0
                  -99.384054,27.484889,0
                  -99.385712,27.484845,0
                  -99.386133,27.484835,0
                  -99.386294,27.484831,0
                  -99.386847,27.484817,0
                  -99.387438,27.484814,0
                  -99.390242,27.484803,0
                  -99.390394,27.484775,0
                  -99.39039,27.484829,0
                  -99.390372,27.485051,0
                  -99.390623,27.485067,0
                  -99.390643,27.484827,0
                  -99.39065,27.484728,0
                  -99.390947,27.484675,0
                  -99.391124,27.484643,0
                  -99.39103,27.485603,0
                  -99.390971,27.48621,0
                  -99.390871,27.487069,0
                  -99.390858,27.487193,0
                  -99.390805,27.487707,0
                  -99.390785,27.487901,0
                  -99.390717,27.488483,0
                  -99.39069,27.488719,0
                  -99.390659,27.489263,0
                  -99.390643,27.489416,0
                  -99.39005,27.489375,0
                  -99.389698,27.489351,0
                  -99.38767,27.48925,0
                  -99.387344,27.489234,0
                  -99.387604,27.494601,0
                  -99.386506,27.494615,0
                  -99.386456,27.494617,0
                  -99.386256,27.494623,0
                  -99.38618,27.494623,0
                  -99.385719,27.494626,0
                  -99.385496,27.494624,0
                  -99.385369,27.494598,0
                  -99.385378,27.494739,0
                  -99.384667,27.494743,0
                  -99.384636,27.494744,0
                  -99.383411,27.49475,0
                  -99.383189,27.494751,0
                  -99.382106,27.494758,0
                  -99.381459,27.494761,0
                  -99.378077,27.49478,0
                  -99.377672,27.494782,0
                  -99.376053,27.494791,0
                  -99.374146,27.494802,0
                  -99.374143,27.495136,0
                  -99.374152,27.496024,0
                  -99.374943,27.496335,0
                  -99.376626,27.496998,0
                  -99.376692,27.496866,0
                  -99.376829,27.49659,0
                  -99.376834,27.495954,0
                  -99.383007,27.495919,0
                  -99.387993,27.495891,0
                  -99.387982,27.495995,0
                  -99.387641,27.499595,0
                  -99.389574,27.499772,0
                  -99.389618,27.499776,0
                  -99.389727,27.499787,0
                  -99.393562,27.500148,0
                  -99.393623,27.499505,0
                  -99.393997,27.495555,0
                  -99.390316,27.495208,0
                  -99.390065,27.495182,0
                  -99.390111,27.494749,0
                  -99.390137,27.494496,0
                  -99.39017,27.494189,0
                  -99.390198,27.493927,0
                  -99.390253,27.493309,0
                  -99.390329,27.492471,0
                  -99.390386,27.491882,0
                  -99.390502,27.490826,0
                  -99.390515,27.490673,0
                  -99.390557,27.490218,0
                  -99.390568,27.490113,0
                  -99.393589,27.49035,0
                  -99.394025,27.485919,0
                  -99.396085,27.485882,0
                  -99.396339,27.485881,0
                  -99.396593,27.485889,0
                  -99.396847,27.485904,0
                  -99.3971,27.485927,0
                  -99.397352,27.485958,0
                  -99.397603,27.485997,0
                  -99.397852,27.486043,0
                  -99.398099,27.486097,0
                  -99.398344,27.486159,0
                  -99.399048,27.48635,0
                  -99.399287,27.48704,0
                  -99.399661,27.488123,0
                  -99.399868,27.488916,0
                  -99.399801,27.490651,0
                  -99.400228,27.490714,0
                  -99.400382,27.490728,0
                  -99.400064,27.49352,0
                  -99.400755,27.493584,0
                  -99.400677,27.494254,0
                  -99.400954,27.494279,0
                  -99.400633,27.497054,0
                  -99.405026,27.497465,0
                  -99.404978,27.497938,0
                  -99.409355,27.498354,0
                  -99.409412,27.498359,0
                  -99.413523,27.498742,0
                  -99.415358,27.499502,0
                  -99.415281,27.490811,0
                  -99.415493,27.490866,0
                  -99.417211,27.491314,0
                  -99.41992,27.49202,0
                  -99.419982,27.492036,0
                  -99.420138,27.499896,0
                  -99.424328,27.500333,0
                  -99.424212,27.493702,0
                  -99.424212,27.493657,0
                  -99.424859,27.493652,0
                  -99.424963,27.493514,0
                  -99.425033,27.493382,0
                  -99.425035,27.493663,0
                  -99.425687,27.493658,0
                  -99.425691,27.493987,0
                  -99.42575,27.500066,0
                  -99.425752,27.500272,0
                  -99.425754,27.500487,0
                  -99.426712,27.50061,0
                  -99.426664,27.500957,0
                  -99.426452,27.501315,0
                  -99.425953,27.501741,0
                  -99.425828,27.502656,0
                  -99.430627,27.503153,0
                  -99.431155,27.503153,0
                  -99.431491,27.503109,0
                  -99.431996,27.502973,0
                  -99.432649,27.502657,0
                  -99.432856,27.502678,0
                  -99.432961,27.502727,0
                  -99.43312,27.501682,0
                  -99.433148,27.501685,0
                  -99.433204,27.501317,0
                  -99.433911,27.501416,0
                  -99.435381,27.501551,0
                  -99.437302,27.501729,0
                  -99.436953,27.504268,0
                  -99.438352,27.50504,0
                  -99.439093,27.505276,0
                  -99.439732,27.50548,0
                  -99.439676,27.502239,0
                  -99.444358,27.50261,0
                  -99.444727,27.502639,0
                  -99.44541,27.502709,0
                  -99.445414,27.502751,0
                  -99.44546,27.503227,0
                  -99.445761,27.506534,0
                  -99.445655,27.507571,0
                  -99.445517,27.508934,0
                  -99.445504,27.509085,0
                  -99.444602,27.50869,0
                  -99.440247,27.506785,0
                  -99.439811,27.506595,0
                  -99.439856,27.513049,0
                  -99.437648,27.513067,0
                  -99.43759,27.519068,0
                  -99.436387,27.519059,0
                  -99.436349,27.523053,0
                  -99.437148,27.523057,0
                  -99.437552,27.523062,0
                  -99.43751,27.524571,0
                  -99.437653,27.524579,0
                  -99.437762,27.524541,0
                  -99.439378,27.524383,0
                  -99.44029,27.52512,0
                  -99.4412,27.525129,0
                  -99.441177,27.524795,0
                  -99.441081,27.523317,0
                  -99.441,27.522095,0
                  -99.441426,27.522088,0
                  -99.442431,27.522069,0
                  -99.443188,27.52208,0
                  -99.443536,27.522104,0
                  -99.444822,27.522165,0
                  -99.444966,27.522166,0
                  -99.445304,27.52217,0
                  -99.445571,27.522236,0
                  -99.446021,27.522437,0
                  -99.446127,27.522492,0
                  -99.446257,27.522574,0
                  -99.44663,27.521875,0
                  -99.4468,27.521601,0
                  -99.44804,27.519604,0
                  -99.448377,27.519083,0
                  -99.44848,27.518832,0
                  -99.448696,27.517969,0
                  -99.448741,27.517792,0
                  -99.448795,27.5174,0
                  -99.448903,27.516752,0
                  -99.44893,27.516613,0
                  -99.44914,27.51667,0
                  -99.449543,27.516717,0
                  -99.449826,27.516741,0
                  -99.45001,27.516752,0
                  -99.450261,27.516754,0
                  -99.451062,27.516763,0
                  -99.452953,27.516747,0
                  -99.45336,27.516746,0
                  -99.454292,27.516744,0
                  -99.455636,27.516742,0
                  -99.455689,27.516742,0
                  -99.45585,27.516742,0
                  -99.455891,27.516742,0
                  -99.455904,27.516742,0
                  -99.455969,27.516741,0
                  -99.456164,27.516739,0
                  -99.45623,27.516739,0
                  -99.45624,27.516748,0
                  -99.456315,27.516847,0
                  -99.456971,27.516844,0
                  -99.459141,27.516835,0
                  -99.459546,27.516833,0
                  -99.460081,27.516831,0
                  -99.460217,27.516831,0
                  -99.460612,27.516832,0
                  -99.460657,27.516831,0
                  -99.461067,27.516823,0
                  -99.462847,27.51675,0
                  -99.462845,27.516635,0
                  -99.462815,27.515751,0
                  -99.462814,27.515714,0
                  -99.463272,27.515727,0
                  -99.463886,27.515725,0
                  -99.46491,27.515719,0
                  -99.465957,27.515722,0
                  -99.46616,27.515724,0
                  -99.466769,27.51573,0
                  -99.466972,27.515732,0
                  -99.467179,27.515729,0
                  -99.467802,27.515724,0
                  -99.46801,27.515722,0
                  -99.468213,27.515723,0
                  -99.468825,27.515729,0
                  -99.469029,27.515731,0
                  -99.469234,27.515731,0
                  -99.469849,27.515734,0
                  -99.470055,27.515735,0
                  -99.471094,27.515737,0
                  -99.472114,27.515739,0
                  -99.472323,27.51574,0
                  -99.47295,27.515743,0
                  -99.47316,27.515744,0
                  -99.473362,27.515741,0
                  -99.47397,27.515735,0
                  -99.474173,27.515734,0
                  -99.474377,27.515734,0
                  -99.474991,27.515735,0
                  -99.475196,27.515736,0
                  -99.4754,27.515737,0
                  -99.476014,27.51574,0
                  -99.476219,27.515742,0
                  -99.476426,27.515742,0
                  -99.477048,27.515742,0
                  -99.477256,27.515742,0
                  -99.477461,27.515743,0
                  -99.478075,27.515749,0
                  -99.478281,27.515751,0
                  -99.478489,27.51575,0
                  -99.479117,27.515748,0
                  -99.479326,27.515748,0
                  -99.479529,27.515747,0
                  -99.480142,27.515746,0
                  -99.480346,27.515746,0
                  -99.48055,27.515746,0
                  -99.481165,27.515746,0
                  -99.48137,27.515747,0
                  -99.481578,27.515745,0
                  -99.482202,27.515742,0
                  -99.482411,27.515741,0
                  -99.482619,27.515739,0
                  -99.483244,27.515737,0
                  -99.483453,27.515737,0
                  -99.483657,27.515735,0
                  -99.484271,27.515733,0
                  -99.484476,27.515733,0
                  -99.484676,27.515731,0
                  -99.485277,27.515728,0
                  -99.485478,27.515727,0
                  -99.485687,27.515727,0
                  -99.486315,27.515728,0
                  -99.486525,27.515729,0
                  -99.486731,27.515729,0
                  -99.48735,27.515729,0
                  -99.487557,27.51573,0
                  -99.48777,27.515728,0
                  -99.488409,27.515726,0
                  -99.488623,27.515726,0
                  -99.488836,27.515727,0
                  -99.489475,27.515731,0
                  -99.489689,27.515733,0
                  -99.489898,27.515733,0
                  -99.490527,27.515736,0
                  -99.490737,27.515737,0
                  -99.490947,27.515738,0
                  -99.49158,27.515741,0
                  -99.491791,27.515743,0
                  -99.491998,27.51574,0
                  -99.492621,27.515734,0
                  -99.492829,27.515732,0
                  -99.493032,27.515734,0
                  -99.493641,27.515743,0
                  -99.493845,27.515746,0
                  -99.494049,27.515747,0
                  -99.494662,27.515753,0
                  -99.494867,27.515755,0
                  -99.494868,27.515574,0
                  -99.494872,27.515031,0
                  -99.494874,27.514851,0
                  -99.494873,27.514661,0
                  -99.494871,27.514091,0
                  -99.494871,27.513902,0
                  -99.494668,27.513901,0
                  -99.494059,27.513898,0
                  -99.493857,27.513898,0
                  -99.493859,27.513716,0
                  -99.493868,27.513174,0
                  -99.493871,27.512993,0
                  -99.49387,27.512808,0
                  -99.493869,27.512255,0
                  -99.493869,27.512071,0
                  -99.493866,27.511887,0
                  -99.493858,27.511337,0
                  -99.493856,27.511154,0
                  -99.493858,27.510971,0
                  -99.493867,27.510422,0
                  -99.493871,27.51024,0
                  -99.493868,27.510057,0
                  -99.493862,27.50951,0
                  -99.49386,27.509328,0
                  -99.493656,27.509325,0
                  -99.493045,27.509317,0
                  -99.492842,27.509315,0
                  -99.492636,27.509315,0
                  -99.492021,27.509317,0
                  -99.491816,27.509318,0
                  -99.491813,27.509134,0
                  -99.491806,27.508585,0
                  -99.491804,27.508402,0
                  -99.491802,27.508216,0
                  -99.491799,27.50766,0
                  -99.491799,27.507475,0
                  -99.491799,27.507293,0
                  -99.491803,27.506747,0
                  -99.491805,27.506566,0
                  -99.491793,27.505653,0
                  -99.491775,27.504723,0
                  -99.491784,27.50454,0
                  -99.491815,27.503993,0
                  -99.491826,27.503811,0
                  -99.491611,27.50381,0
                  -99.490969,27.503808,0
                  -99.490755,27.503808,0
                  -99.490541,27.50381,0
                  -99.489902,27.503816,0
                  -99.48969,27.503819,0
                  -99.489479,27.503817,0
                  -99.488846,27.503813,0
                  -99.488636,27.503812,0
                  -99.488425,27.503813,0
                  -99.487792,27.503817,0
                  -99.487582,27.503819,0
                  -99.487379,27.503818,0
                  -99.48677,27.503815,0
                  -99.486568,27.503815,0
                  -99.486364,27.503818,0
                  -99.485752,27.503827,0
                  -99.485548,27.50383,0
                  -99.485337,27.503826,0
                  -99.484707,27.503814,0
                  -99.484498,27.50381,0
                  -99.484291,27.503809,0
                  -99.483671,27.503806,0
                  -99.483465,27.503806,0
                  -99.483258,27.503807,0
                  -99.482636,27.503811,0
                  -99.48243,27.503813,0
                  -99.482225,27.503813,0
                  -99.481613,27.503814,0
                  -99.481409,27.503815,0
                  -99.481199,27.503816,0
                  -99.480572,27.50382,0
                  -99.480363,27.503822,0
                  -99.480157,27.503821,0
                  -99.479542,27.50382,0
                  -99.479337,27.50382,0
                  -99.479133,27.50382,0
                  -99.478523,27.503821,0
                  -99.47832,27.503822,0
                  -99.478113,27.503821,0
                  -99.477492,27.503818,0
                  -99.477286,27.503817,0
                  -99.477082,27.503819,0
                  -99.476469,27.503826,0
                  -99.476266,27.503829,0
                  -99.476057,27.503829,0
                  -99.475431,27.50383,0
                  -99.475223,27.503831,0
                  -99.475019,27.503827,0
                  -99.474409,27.503818,0
                  -99.474206,27.503815,0
                  -99.474,27.503816,0
                  -99.473382,27.503819,0
                  -99.473177,27.503821,0
                  -99.472971,27.503818,0
                  -99.472354,27.503812,0
                  -99.472149,27.50381,0
                  -99.471942,27.503808,0
                  -99.471322,27.503803,0
                  -99.471116,27.503802,0
                  -99.470907,27.503802,0
                  -99.47028,27.503803,0
                  -99.470072,27.503804,0
                  -99.470009,27.503804,0
                  -99.469819,27.503806,0
                  -99.469757,27.503807,0
                  -99.469613,27.503807,0
                  -99.469186,27.503807,0
                  -99.469044,27.503808,0
                  -99.468839,27.503808,0
                  -99.468559,27.50381,0
                  -99.468225,27.503811,0
                  -99.46802,27.503812,0
                  -99.467815,27.503809,0
                  -99.4672,27.503802,0
                  -99.466996,27.5038,0
                  -99.466793,27.5038,0
                  -99.466184,27.503802,0
                  -99.465982,27.503804,0
                  -99.465774,27.503802,0
                  -99.46515,27.503797,0
                  -99.464942,27.503796,0
                  -99.464738,27.503796,0
                  -99.464125,27.503796,0
                  -99.463922,27.503797,0
                  -99.463724,27.503796,0
                  -99.46313,27.503794,0
                  -99.462933,27.503794,0
                  -99.462941,27.503634,0
                  -99.462967,27.503155,0
                  -99.462982,27.5029,0
                  -99.462995,27.502688,0
                  -99.463039,27.501971,0
                  -99.463052,27.501767,0
                  -99.463072,27.50146,0
                  -99.463072,27.501382,0
                  -99.463072,27.501149,0
                  -99.463073,27.501072,0
                  -99.463035,27.50081,0
                  -99.462924,27.500023,0
                  -99.462915,27.499962,0
                  -99.462887,27.499762,0
                  -99.462883,27.499702,0
                  -99.462872,27.499525,0
                  -99.462869,27.499466,0
                  -99.462866,27.499417,0
                  -99.462857,27.499271,0
                  -99.462855,27.499223,0
                  -99.462851,27.49904,0
                  -99.462845,27.49868,0
                  -99.462844,27.498491,0
                  -99.462844,27.498308,0
                  -99.462795,27.49788,0
                  -99.462649,27.496599,0
                  -99.462601,27.496172,0
                  -99.46247,27.496144,0
                  -99.462445,27.496127,0
                  -99.462371,27.496078,0
                  -99.462273,27.495957,0
                  -99.462173,27.49573,0
                  -99.462137,27.495649,0
                  -99.462087,27.495594,0
                  -99.462081,27.49555,0
                  -99.462107,27.495413,0
                  -99.462137,27.495264,0
                  -99.462272,27.495033,0
                  -99.462367,27.494943,0
                  -99.462501,27.494818,0
                  -99.462531,27.49479,0
                  -99.462821,27.494719,0
                  -99.463013,27.494702,0
                  -99.463463,27.494625,0
                  -99.463584,27.494605,0
                  -99.463821,27.494565,0
                  -99.464216,27.494642,0
                  -99.46429,27.49463,0
                  -99.46442,27.494559,0
                  -99.464473,27.494559,0
                  -99.4645,27.494559,0
                  -99.464599,27.494586,0
                  -99.464691,27.49463,0
                  -99.464889,27.49468,0
                  -99.465092,27.494751,0
                  -99.465284,27.49485,0
                  -99.465395,27.494966,0
                  -99.465438,27.495049,0
                  -99.465518,27.495131,0
                  -99.465611,27.495203,0
                  -99.465932,27.49534,0
                  -99.465994,27.49534,0
                  -99.466105,27.495302,0
                  -99.466549,27.495346,0
                  -99.466637,27.495344,0
                  -99.466839,27.49534,0
                  -99.466907,27.495312,0
                  -99.466919,27.495252,0
                  -99.466975,27.495197,0
                  -99.46708,27.495186,0
                  -99.467142,27.495164,0
                  -99.467191,27.495125,0
                  -99.467401,27.495114,0
                  -99.467487,27.495081,0
                  -99.467536,27.495081,0
                  -99.467573,27.495065,0
                  -99.467629,27.495059,0
                  -99.467644,27.495059,0
                  -99.467691,27.495059,0
                  -99.467728,27.495076,0
                  -99.46782,27.495065,0
                  -99.468012,27.494965,0
                  -99.468061,27.494916,0
                  -99.468098,27.494839,0
                  -99.468173,27.494767,0
                  -99.468425,27.494531,0
                  -99.468468,27.494476,0
                  -99.468591,27.494222,0
                  -99.468709,27.494046,0
                  -99.468906,27.493672,0
                  -99.468937,27.493562,0
                  -99.469066,27.493292,0
                  -99.469091,27.493116,0
                  -99.469115,27.493078,0
                  -99.469177,27.492984,0
                  -99.46935,27.49294,0
                  -99.469713,27.492966,0
                  -99.469875,27.492978,0
                  -99.469942,27.492999,0
                  -99.47027,27.493105,0
                  -99.470597,27.49322,0
                  -99.470829,27.49329,0
                  -99.471045,27.492886,0
                  -99.471212,27.492542,0
                  -99.471287,27.492358,0
                  -99.471357,27.492159,0
                  -99.471419,27.49193,0
                  -99.471479,27.491633,0
                  -99.471507,27.491447,0
                  -99.47152,27.49126,0
                  -99.471533,27.49109,0
                  -99.471547,27.490698,0
                  -99.471555,27.490511,0
                  -99.471551,27.489592,0
                  -99.471545,27.488983,0
                  -99.471538,27.488675,0
                  -99.471532,27.487771,0
                  -99.47151,27.486848,0
                  -99.471527,27.486055,0
                  -99.471534,27.485976,0
                  -99.471533,27.485934,0
                  -99.471559,27.485701,0
                  -99.471587,27.485493,0
                  -99.471599,27.485397,0
                  -99.471616,27.48527,0
                  -99.471645,27.485114,0
                  -99.471664,27.48502,0
                  -99.471698,27.484843,0
                  -99.4717,27.484833,0
                  -99.471812,27.484404,0
                  -99.47183,27.484341,0
                  -99.471846,27.484281,0
                  -99.471899,27.484098,0
                  -99.471913,27.484033,0
                  -99.471955,27.483912,0
                  -99.472149,27.483362,0
                  -99.472178,27.483282,0
                  -99.47221,27.483178,0
                  -99.472279,27.482995,0
                  -99.472488,27.482447,0
                  -99.472558,27.482265,0
                  -99.472626,27.482081,0
                  -99.472829,27.481532,0
                  -99.472898,27.481349,0
                  -99.472965,27.481165,0
                  -99.473168,27.480612,0
                  -99.473236,27.480429,0
                  -99.473104,27.480427,0
                  -99.47271,27.480424,0
                  -99.472579,27.480423,0
                  -99.472374,27.480423,0
                  -99.471759,27.480423,0
                  -99.471555,27.480424,0
                  -99.471351,27.480426,0
                  -99.470739,27.480434,0
                  -99.470536,27.480437,0
                  -99.470329,27.480438,0
                  -99.469711,27.480441,0
                  -99.469506,27.480443,0
                  -99.469303,27.480444,0
                  -99.468694,27.480447,0
                  -99.468492,27.480449,0
                  -99.468284,27.480449,0
                  -99.46766,27.48045,0
                  -99.467453,27.480451,0
                  -99.467248,27.480451,0
                  -99.466634,27.480452,0
                  -99.46643,27.480453,0
                  -99.466224,27.480454,0
                  -99.465607,27.480459,0
                  -99.465402,27.480461,0
                  -99.465194,27.480461,0
                  -99.464573,27.480463,0
                  -99.464366,27.480465,0
                  -99.464254,27.480465,0
                  -99.463334,27.480469,0
                  -99.462733,27.480474,0
                  -99.462326,27.480468,0
                  -99.462325,27.481406,0
                  -99.462326,27.482314,0
                  -99.462326,27.482496,0
                  -99.462326,27.483043,0
                  -99.462327,27.483226,0
                  -99.462327,27.483406,0
                  -99.46233,27.483949,0
                  -99.462331,27.48413,0
                  -99.462334,27.484314,0
                  -99.462344,27.484869,0
                  -99.462348,27.485054,0
                  -99.462347,27.485237,0
                  -99.462346,27.485538,0
                  -99.462345,27.485788,0
                  -99.462345,27.485972,0
                  -99.462346,27.486155,0
                  -99.462352,27.486707,0
                  -99.462354,27.486891,0
                  -99.462354,27.487076,0
                  -99.462355,27.487632,0
                  -99.462356,27.487818,0
                  -99.462359,27.488,0
                  -99.462369,27.488545,0
                  -99.462373,27.488728,0
                  -99.46238,27.489632,0
                  -99.462397,27.49044,0
                  -99.46145,27.490603,0
                  -99.460392,27.490766,0
                  -99.459861,27.490876,0
                  -99.459383,27.491009,0
                  -99.459109,27.491098,0
                  -99.4582,27.49144,0
                  -99.458064,27.491502,0
                  -99.457477,27.491767,0
                  -99.457433,27.491787,0
                  -99.4562,27.492345,0
                  -99.455718,27.492566,0
                  -99.455134,27.492836,0
                  -99.455018,27.492889,0
                  -99.454673,27.493047,0
                  -99.454558,27.493101,0
                  -99.454416,27.493166,0
                  -99.453993,27.49336,0
                  -99.453853,27.493426,0
                  -99.453814,27.493448,0
                  -99.453781,27.493468,0
                  -99.453754,27.493482,0
                  -99.453698,27.493512,0
                  -99.453659,27.493533,0
                  -99.453503,27.493604,0
                  -99.453038,27.493819,0
                  -99.452883,27.493891,0
                  -99.452517,27.494059,0
                  -99.451596,27.494485,0
                  -99.45142,27.494568,0
                  -99.451057,27.494741,0
                  -99.450898,27.494816,0
                  -99.450423,27.495042,0
                  -99.450265,27.495118,0
                  -99.450089,27.495196,0
                  -99.449564,27.495434,0
                  -99.44939,27.495514,0
                  -99.449055,27.495665,0
                  -99.448836,27.495769,0
                  -99.448615,27.495874,0
                  -99.44853,27.495916,0
                  -99.448308,27.496029,0
                  -99.448159,27.496141,0
                  -99.447954,27.496312,0
                  -99.447875,27.496387,0
                  -99.447859,27.496406,0
                  -99.44783,27.496443,0
                  -99.447792,27.496506,0
                  -99.447737,27.496646,0
                  -99.447706,27.496819,0
                  -99.447704,27.49683,0
                  -99.447701,27.496885,0
                  -99.44769,27.497086,0
                  -99.447687,27.497153,0
                  -99.447617,27.497141,0
                </coordinates>
              </LinearRing>
            </outerBoundaryIs>
            <innerBoundaryIs>
              <LinearRing>
                <tessellate>1</tessellate>
                <coordinates>
                  -99.424147,27.490409,0
                  -99.424145,27.490226,0
                  -99.424125,27.488125,0
                  -99.424117,27.48721,0
                  -99.424116,27.487036,0
                  -99.424098,27.485034,0
                  -99.424031,27.484775,0
                  -99.423998,27.484646,0
                  -99.42399,27.484254,0
                  -99.421525,27.484279,0
                  -99.421517,27.484367,0
                  -99.421502,27.484552,0
                  -99.421492,27.485001,0
                  -99.421463,27.48635,0
                  -99.421454,27.4868,0
                  -99.421422,27.48703,0
                  -99.421438,27.488376,0
                  -99.42145,27.489356,0
                  -99.42261,27.489341,0
                  -99.422608,27.489939,0
                  -99.423266,27.49014,0
                  -99.424147,27.490409,0
                </coordinates>
              </LinearRing>
            </innerBoundaryIs>
          </Polygon>
        </MultiGeometry>
      </Placemark>
      <Placemark>
        <name>District 4</name>
        <description><![CDATA[description: <br>ID: 9<br>AREA: 4.65599<br>DISTRICT: 4<br>MEMBERS: 1<br>LOCKED: <br>NAME: <br>POPULATION: 31644<br>HISPANIC_O: 30328<br>BLACK: 98<br>H18_POP: 21691<br>F18_POP: 22719<br>F18_BLK: 73<br>DEVIATION: -257<br>F_DEVIATIO: -0.008056<br>F_HISPANIC: 0.958412<br>F_BLACK: 0.003097<br>F_H18_POP: 0.68547<br>F_18_POP: 0.717956<br>F_18_BLK: 0.002307<br>IDEAL_VALU: 31901<br>DISTRICT_L: 4|-0.81%]]></description>
        <styleUrl>#poly-005500-3000-48</styleUrl>
        <ExtendedData>
          <Data name="description">
            <value/>
          </Data>
          <Data name="ID">
            <value>9</value>
          </Data>
          <Data name="AREA">
            <value>4.65599</value>
          </Data>
          <Data name="DISTRICT">
            <value>4</value>
          </Data>
          <Data name="MEMBERS">
            <value>1</value>
          </Data>
          <Data name="LOCKED">
            <value/>
          </Data>
          <Data name="NAME">
            <value/>
          </Data>
          <Data name="POPULATION">
            <value>31644</value>
          </Data>
          <Data name="HISPANIC_O">
            <value>30328</value>
          </Data>
          <Data name="BLACK">
            <value>98</value>
          </Data>
          <Data name="H18_POP">
            <value>21691</value>
          </Data>
          <Data name="F18_POP">
            <value>22719</value>
          </Data>
          <Data name="F18_BLK">
            <value>73</value>
          </Data>
          <Data name="DEVIATION">
            <value>-257</value>
          </Data>
          <Data name="F_DEVIATIO">
            <value>-0.008056</value>
          </Data>
          <Data name="F_HISPANIC">
            <value>0.958412</value>
          </Data>
          <Data name="F_BLACK">
            <value>0.003097</value>
          </Data>
          <Data name="F_H18_POP">
            <value>0.68547</value>
          </Data>
          <Data name="F_18_POP">
            <value>0.717956</value>
          </Data>
          <Data name="F_18_BLK">
            <value>0.002307</value>
          </Data>
          <Data name="IDEAL_VALU">
            <value>31901</value>
          </Data>
          <Data name="DISTRICT_L">
            <value>4|-0.81%</value>
          </Data>
        </ExtendedData>
        <Polygon>
          <outerBoundaryIs>
            <LinearRing>
              <tessellate>1</tessellate>
              <coordinates>
                -99.47443,27.53244,0
                -99.474425,27.532592,0
                -99.474386,27.533915,0
                -99.47438,27.534148,0
                -99.474368,27.534356,0
                -99.474346,27.534699,0
                -99.474282,27.535731,0
                -99.474261,27.536076,0
                -99.474258,27.536112,0
                -99.474252,27.536219,0
                -99.47425,27.536256,0
                -99.474537,27.536266,0
                -99.475401,27.536296,0
                -99.475689,27.536307,0
                -99.47591,27.536318,0
                -99.476576,27.536351,0
                -99.476799,27.536362,0
                -99.476862,27.536364,0
                -99.477051,27.536371,0
                -99.477115,27.536374,0
                -99.47739,27.536383,0
                -99.478215,27.53641,0
                -99.478491,27.53642,0
                -99.478495,27.536301,0
                -99.478507,27.535948,0
                -99.478512,27.53583,0
                -99.478526,27.535522,0
                -99.478572,27.534599,0
                -99.478587,27.534292,0
                -99.478834,27.534295,0
                -99.478871,27.534296,0
                -99.479481,27.534305,0
                -99.479576,27.534296,0
                -99.479823,27.534273,0
                -99.479916,27.534254,0
                -99.48015,27.534207,0
                -99.480196,27.534203,0
                -99.480291,27.534196,0
                -99.480295,27.534377,0
                -99.480308,27.53492,0
                -99.480313,27.535101,0
                -99.480317,27.535286,0
                -99.48033,27.535844,0
                -99.480335,27.53603,0
                -99.480449,27.536024,0
                -99.480533,27.536024,0
                -99.48113,27.536031,0
                -99.48133,27.536034,0
                -99.481539,27.536034,0
                -99.482166,27.536034,0
                -99.482375,27.536034,0
                -99.48258,27.536035,0
                -99.483195,27.536038,0
                -99.483401,27.536039,0
                -99.483606,27.536037,0
                -99.484225,27.536035,0
                -99.484431,27.536034,0
                -99.484432,27.536216,0
                -99.484417,27.536504,0
                -99.484379,27.536762,0
                -99.484361,27.536888,0
                -99.484345,27.536942,0
                -99.484315,27.537103,0
                -99.484225,27.537586,0
                -99.484196,27.537748,0
                -99.484123,27.53814,0
                -99.483905,27.539317,0
                -99.48389,27.5394,0
                -99.483837,27.539711,0
                -99.48378,27.539958,0
                -99.48361,27.540699,0
                -99.483554,27.540947,0
                -99.483525,27.541079,0
                -99.48342,27.541403,0
                -99.483239,27.541967,0
                -99.483131,27.542437,0
                -99.483068,27.542762,0
                -99.483064,27.542785,0
                -99.483029,27.542969,0
                -99.48302,27.543016,0
                -99.482975,27.543254,0
                -99.482915,27.543566,0
                -99.482735,27.544503,0
                -99.482676,27.544816,0
                -99.482734,27.544824,0
                -99.482909,27.54485,0
                -99.482968,27.544859,0
                -99.483555,27.544944,0
                -99.484733,27.545117,0
                -99.485316,27.545205,0
                -99.485903,27.545295,0
                -99.486065,27.545319,0
                -99.486439,27.545377,0
                -99.486502,27.545386,0
                -99.486554,27.545393,0
                -99.486717,27.545417,0
                -99.486832,27.545433,0
                -99.487177,27.545483,0
                -99.487292,27.5455,0
                -99.487385,27.545513,0
                -99.487665,27.545554,0
                -99.487759,27.545568,0
                -99.488735,27.545718,0
                -99.489186,27.545787,0
                -99.489592,27.545843,0
                -99.489702,27.545858,0
                -99.489926,27.545889,0
                -99.490291,27.545939,0
                -99.490303,27.545941,0
                -99.490512,27.545973,0
                -99.491139,27.546071,0
                -99.491348,27.546104,0
                -99.491492,27.546126,0
                -99.491926,27.546193,0
                -99.492071,27.546216,0
                -99.492331,27.546257,0
                -99.492449,27.546275,0
                -99.492654,27.546307,0
                -99.493443,27.546418,0
                -99.493585,27.546442,0
                -99.493963,27.546509,0
                -99.494048,27.546519,0
                -99.494305,27.546549,0
                -99.494391,27.54656,0
                -99.494614,27.546596,0
                -99.495278,27.546687,0
                -99.495501,27.546718,0
                -99.495546,27.546724,0
                -99.495689,27.546746,0
                -99.496254,27.546836,0
                -99.496443,27.546867,0
                -99.496453,27.546773,0
                -99.496486,27.546494,0
                -99.496497,27.546401,0
                -99.496513,27.546308,0
                -99.496562,27.546033,0
                -99.496579,27.545941,0
                -99.496597,27.545845,0
                -99.496653,27.545558,0
                -99.496672,27.545463,0
                -99.496689,27.545368,0
                -99.496716,27.545219,0
                -99.496742,27.545084,0
                -99.49676,27.54499,0
                -99.496776,27.544889,0
                -99.496825,27.544587,0
                -99.496842,27.544487,0
                -99.496852,27.544422,0
                -99.496884,27.544227,0
                -99.496895,27.544163,0
                -99.496902,27.544124,0
                -99.496927,27.544008,0
                -99.496936,27.54397,0
                -99.496965,27.543832,0
                -99.496983,27.543754,0
                -99.497029,27.543416,0
                -99.497048,27.543277,0
                -99.496875,27.543249,0
                -99.496356,27.543169,0
                -99.496183,27.543142,0
                -99.496158,27.543138,0
                -99.496086,27.543126,0
                -99.496062,27.543123,0
                -99.496186,27.542415,0
                -99.496209,27.542284,0
                -99.496594,27.540297,0
                -99.496731,27.539592,0
                -99.496528,27.539569,0
                -99.496414,27.539557,0
                -99.495923,27.539483,0
                -99.495722,27.539453,0
                -99.495527,27.539429,0
                -99.495428,27.539417,0
                -99.494947,27.539344,0
                -99.494754,27.539316,0
                -99.494538,27.539283,0
                -99.493892,27.539184,0
                -99.493677,27.539151,0
                -99.49368,27.539129,0
                -99.493692,27.539065,0
                -99.493696,27.539044,0
                -99.493723,27.538897,0
                -99.493724,27.538812,0
                -99.493727,27.538621,0
                -99.493721,27.53811,0
                -99.493719,27.537876,0
                -99.493718,27.537694,0
                -99.493715,27.537151,0
                -99.493715,27.53697,0
                -99.493712,27.536895,0
                -99.493705,27.536721,0
                -99.493706,27.536673,0
                -99.493708,27.536599,0
                -99.49371,27.536498,0
                -99.493718,27.536199,0
                -99.493721,27.536099,0
                -99.493723,27.536047,0
                -99.493723,27.535906,0
                -99.493724,27.535465,0
                -99.493721,27.535326,0
                -99.493719,27.535134,0
                -99.49372,27.534951,0
                -99.493727,27.534404,0
                -99.493729,27.534222,0
                -99.49373,27.534042,0
                -99.493734,27.533505,0
                -99.493736,27.533326,0
                -99.493735,27.533146,0
                -99.493732,27.53261,0
                -99.493731,27.532431,0
                -99.493729,27.532242,0
                -99.493723,27.531678,0
                -99.493722,27.53149,0
                -99.493724,27.531307,0
                -99.493734,27.530758,0
                -99.493738,27.530576,0
                -99.493943,27.530572,0
                -99.494558,27.530561,0
                -99.494764,27.530558,0
                -99.49497,27.530558,0
                -99.49559,27.530559,0
                -99.495797,27.53056,0
                -99.496001,27.530564,0
                -99.496616,27.530576,0
                -99.496821,27.53058,0
                -99.497026,27.530577,0
                -99.497644,27.53057,0
                -99.49785,27.530569,0
                -99.498055,27.53057,0
                -99.498673,27.530574,0
                -99.498879,27.530576,0
                -99.499085,27.530593,0
                -99.499705,27.530645,0
                -99.499912,27.530663,0
                -99.499915,27.53046,0
                -99.499925,27.529854,0
                -99.499929,27.529652,0
                -99.499925,27.529467,0
                -99.499913,27.528913,0
                -99.49991,27.528729,0
                -99.499911,27.528545,0
                -99.499918,27.527993,0
                -99.499921,27.52781,0
                -99.499924,27.527625,0
                -99.499935,27.527073,0
                -99.499939,27.526889,0
                -99.499937,27.526704,0
                -99.499934,27.526152,0
                -99.499933,27.525968,0
                -99.499929,27.525784,0
                -99.499917,27.525231,0
                -99.499915,27.525049,0
                -99.499709,27.525048,0
                -99.499094,27.525045,0
                -99.498889,27.525044,0
                -99.498889,27.524862,0
                -99.49889,27.524319,0
                -99.498891,27.524138,0
                -99.498893,27.523952,0
                -99.498903,27.523396,0
                -99.498907,27.523211,0
                -99.498909,27.523141,0
                -99.498917,27.522934,0
                -99.49892,27.522865,0
                -99.498714,27.522771,0
                -99.498332,27.522599,0
                -99.498089,27.52251,0
                -99.498002,27.522478,0
                -99.497875,27.52244,0
                -99.497878,27.521807,0
                -99.49788,27.520772,0
                -99.497788,27.520713,0
                -99.497771,27.520648,0
                -99.49777,27.520627,0
                -99.497763,27.520036,0
                -99.497761,27.51984,0
                -99.497796,27.518958,0
                -99.497798,27.5189,0
                -99.4978,27.5188,0
                -99.4978,27.518751,0
                -99.497801,27.51868,0
                -99.497803,27.518607,0
                -99.497804,27.518559,0
                -99.497805,27.518493,0
                -99.497805,27.518445,0
                -99.497809,27.518243,0
                -99.497812,27.518106,0
                -99.497815,27.517993,0
                -99.497813,27.517798,0
                -99.49781,27.517035,0
                -99.497571,27.517026,0
                -99.497358,27.517003,0
                -99.497134,27.516968,0
                -99.497169,27.51691,0
                -99.497299,27.516692,0
                -99.49741,27.516433,0
                -99.497509,27.516053,0
                -99.497538,27.515898,0
                -99.497128,27.515813,0
                -99.496931,27.515788,0
                -99.496863,27.515778,0
                -99.496524,27.515773,0
                -99.495911,27.515762,0
                -99.495702,27.51576,0
                -99.495075,27.515756,0
                -99.494867,27.515755,0
                -99.494662,27.515753,0
                -99.494049,27.515747,0
                -99.493845,27.515746,0
                -99.493641,27.515743,0
                -99.493032,27.515734,0
                -99.492829,27.515732,0
                -99.492621,27.515734,0
                -99.491998,27.51574,0
                -99.491791,27.515743,0
                -99.49158,27.515741,0
                -99.490947,27.515738,0
                -99.490737,27.515737,0
                -99.490527,27.515736,0
                -99.489898,27.515733,0
                -99.489689,27.515733,0
                -99.489475,27.515731,0
                -99.488836,27.515727,0
                -99.488623,27.515726,0
                -99.488409,27.515726,0
                -99.48777,27.515728,0
                -99.487557,27.51573,0
                -99.48735,27.515729,0
                -99.486731,27.515729,0
                -99.486525,27.515729,0
                -99.486315,27.515728,0
                -99.485687,27.515727,0
                -99.485478,27.515727,0
                -99.485277,27.515728,0
                -99.484676,27.515731,0
                -99.484476,27.515733,0
                -99.484271,27.515733,0
                -99.483657,27.515735,0
                -99.483453,27.515737,0
                -99.483244,27.515737,0
                -99.482619,27.515739,0
                -99.482411,27.515741,0
                -99.482202,27.515742,0
                -99.481578,27.515745,0
                -99.48137,27.515747,0
                -99.481165,27.515746,0
                -99.48055,27.515746,0
                -99.480346,27.515746,0
                -99.480142,27.515746,0
                -99.479529,27.515747,0
                -99.479326,27.515748,0
                -99.479117,27.515748,0
                -99.478489,27.51575,0
                -99.478281,27.515751,0
                -99.478075,27.515749,0
                -99.477461,27.515743,0
                -99.477256,27.515742,0
                -99.477048,27.515742,0
                -99.476426,27.515742,0
                -99.476219,27.515742,0
                -99.476014,27.51574,0
                -99.4754,27.515737,0
                -99.475196,27.515736,0
                -99.474991,27.515735,0
                -99.474377,27.515734,0
                -99.474173,27.515734,0
                -99.47397,27.515735,0
                -99.473362,27.515741,0
                -99.47316,27.515744,0
                -99.47295,27.515743,0
                -99.472323,27.51574,0
                -99.472114,27.515739,0
                -99.471094,27.515737,0
                -99.470055,27.515735,0
                -99.469849,27.515734,0
                -99.469234,27.515731,0
                -99.469029,27.515731,0
                -99.468825,27.515729,0
                -99.468213,27.515723,0
                -99.46801,27.515722,0
                -99.467802,27.515724,0
                -99.467179,27.515729,0
                -99.466972,27.515732,0
                -99.466769,27.51573,0
                -99.46616,27.515724,0
                -99.465957,27.515722,0
                -99.46491,27.515719,0
                -99.463886,27.515725,0
                -99.463272,27.515727,0
                -99.462814,27.515714,0
                -99.462815,27.515751,0
                -99.462845,27.516635,0
                -99.462847,27.51675,0
                -99.461067,27.516823,0
                -99.460657,27.516831,0
                -99.460612,27.516832,0
                -99.460217,27.516831,0
                -99.460081,27.516831,0
                -99.459546,27.516833,0
                -99.459141,27.516835,0
                -99.456971,27.516844,0
                -99.456315,27.516847,0
                -99.45565,27.516851,0
                -99.450342,27.516878,0
                -99.449873,27.516855,0
                -99.449278,27.516792,0
                -99.449086,27.516768,0
                -99.448903,27.516752,0
                -99.448795,27.5174,0
                -99.448741,27.517792,0
                -99.448696,27.517969,0
                -99.44848,27.518832,0
                -99.448377,27.519083,0
                -99.44804,27.519604,0
                -99.4468,27.521601,0
                -99.44663,27.521875,0
                -99.446257,27.522574,0
                -99.446127,27.522492,0
                -99.446021,27.522437,0
                -99.445571,27.522236,0
                -99.445304,27.52217,0
                -99.444966,27.522166,0
                -99.444822,27.522165,0
                -99.443536,27.522104,0
                -99.443188,27.52208,0
                -99.442431,27.522069,0
                -99.441426,27.522088,0
                -99.441,27.522095,0
                -99.441081,27.523317,0
                -99.441177,27.524795,0
                -99.4412,27.525129,0
                -99.441202,27.525603,0
                -99.441252,27.525604,0
                -99.441237,27.526274,0
                -99.441231,27.526567,0
                -99.439512,27.526541,0
                -99.438842,27.526531,0
                -99.438844,27.52647,0
                -99.437652,27.526411,0
                -99.437762,27.524541,0
                -99.437653,27.524579,0
                -99.43751,27.524571,0
                -99.437142,27.524607,0
                -99.436472,27.524672,0
                -99.436214,27.524831,0
                -99.43623,27.524941,0
                -99.436325,27.525565,0
                -99.436456,27.52643,0
                -99.435773,27.526484,0
                -99.435628,27.526496,0
                -99.434953,27.526573,0
                -99.434659,27.526663,0
                -99.434482,27.526721,0
                -99.434445,27.526734,0
                -99.434362,27.526762,0
                -99.433797,27.52617,0
                -99.436103,27.524791,0
                -99.435635,27.523555,0
                -99.435558,27.523553,0
                -99.435564,27.523367,0
                -99.4355,27.523198,0
                -99.435009,27.523197,0
                -99.43503,27.522101,0
                -99.43504,27.521561,0
                -99.434994,27.514056,0
                -99.434998,27.513185,0
                -99.431709,27.513139,0
                -99.431706,27.513173,0
                -99.431309,27.51318,0
                -99.431302,27.51399,0
                -99.431276,27.517325,0
                -99.430721,27.51732,0
                -99.430666,27.521914,0
                -99.427427,27.521883,0
                -99.427411,27.523203,0
                -99.429875,27.523176,0
                -99.429932,27.525574,0
                -99.429944,27.525867,0
                -99.425765,27.525895,0
                -99.425418,27.525897,0
                -99.425416,27.52581,0
                -99.424756,27.525817,0
                -99.423568,27.52583,0
                -99.42357,27.525909,0
                -99.423617,27.528175,0
                -99.423633,27.528935,0
                -99.423651,27.529742,0
                -99.423653,27.529918,0
                -99.423594,27.53129,0
                -99.423669,27.5316,0
                -99.423868,27.531601,0
                -99.42464,27.531594,0
                -99.424659,27.531904,0
                -99.424683,27.532391,0
                -99.424684,27.532415,0
                -99.424857,27.532413,0
                -99.426759,27.532409,0
                -99.427097,27.532351,0
                -99.427193,27.53228,0
                -99.428266,27.531479,0
                -99.42847,27.531327,0
                -99.428731,27.53113,0
                -99.429043,27.530897,0
                -99.430152,27.530118,0
                -99.430217,27.530074,0
                -99.430648,27.529814,0
                -99.430908,27.529656,0
                -99.430925,27.529647,0
                -99.431065,27.52957,0
                -99.431093,27.529554,0
                -99.431267,27.52946,0
                -99.431363,27.52941,0
                -99.431715,27.529228,0
                -99.431755,27.529208,0
                -99.431929,27.529118,0
                -99.431988,27.529093,0
                -99.432153,27.529021,0
                -99.432458,27.52889,0
                -99.432653,27.528818,0
                -99.432823,27.528757,0
                -99.432878,27.528736,0
                -99.432928,27.528719,0
                -99.433047,27.528678,0
                -99.433104,27.52866,0
                -99.433147,27.528645,0
                -99.433276,27.528602,0
                -99.43332,27.528588,0
                -99.433399,27.528561,0
                -99.433563,27.528507,0
                -99.43364,27.528485,0
                -99.433722,27.528463,0
                -99.433915,27.528417,0
                -99.434213,27.528347,0
                -99.434493,27.528272,0
                -99.434569,27.528253,0
                -99.434688,27.52823,0
                -99.43471,27.528225,0
                -99.434816,27.528205,0
                -99.43498,27.528174,0
                -99.435149,27.528147,0
                -99.435201,27.528138,0
                -99.43533,27.528118,0
                -99.435478,27.528094,0
                -99.436042,27.528024,0
                -99.436637,27.527988,0
                -99.436996,27.527974,0
                -99.437544,27.52797,0
                -99.438229,27.527987,0
                -99.441616,27.528139,0
                -99.441711,27.528095,0
                -99.441869,27.528086,0
                -99.442443,27.528119,0
                -99.443731,27.528157,0
                -99.444616,27.528205,0
                -99.445146,27.528229,0
                -99.445315,27.528228,0
                -99.44544,27.526384,0
                -99.445578,27.525327,0
                -99.445626,27.524831,0
                -99.445683,27.524455,0
                -99.445747,27.524059,0
                -99.445836,27.523656,0
                -99.445941,27.523268,0
                -99.446062,27.52305,0
                -99.446045,27.523261,0
                -99.445962,27.523592,0
                -99.445913,27.523832,0
                -99.445852,27.524135,0
                -99.445755,27.524769,0
                -99.44565,27.525463,0
                -99.445545,27.526303,0
                -99.44545,27.527947,0
                -99.445436,27.528192,0
                -99.445434,27.528229,0
                -99.44565,27.528229,0
                -99.445799,27.528248,0
                -99.446382,27.528287,0
                -99.447435,27.528301,0
                -99.448967,27.528382,0
                -99.449316,27.528401,0
                -99.449513,27.528452,0
                -99.449619,27.528455,0
                -99.449939,27.528467,0
                -99.450046,27.528471,0
                -99.450651,27.528494,0
                -99.450884,27.528504,0
                -99.451094,27.528513,0
                -99.45269,27.528637,0
                -99.452802,27.52865,0
                -99.453393,27.52872,0
                -99.453428,27.528725,0
                -99.454223,27.528851,0
                -99.454304,27.528861,0
                -99.454548,27.528891,0
                -99.45463,27.528902,0
                -99.454796,27.528923,0
                -99.45523,27.528978,0
                -99.455755,27.529044,0
                -99.457033,27.529206,0
                -99.457614,27.52928,0
                -99.457634,27.529285,0
                -99.457673,27.529289,0
                -99.457791,27.529304,0
                -99.457831,27.529309,0
                -99.458718,27.529416,0
                -99.461382,27.529739,0
                -99.462178,27.529836,0
                -99.46227,27.529848,0
                -99.462394,27.529863,0
                -99.462769,27.52991,0
                -99.462894,27.529926,0
                -99.463096,27.529951,0
                -99.463301,27.529935,0
                -99.463358,27.52994,0
                -99.463885,27.530007,0
                -99.464421,27.530079,0
                -99.464877,27.530131,0
                -99.465129,27.53017,0
                -99.46554,27.530227,0
                -99.465926,27.530292,0
                -99.465995,27.5303,0
                -99.466117,27.530313,0
                -99.466161,27.530317,0
                -99.466296,27.530332,0
                -99.466659,27.530371,0
                -99.466833,27.530391,0
                -99.466941,27.530404,0
                -99.467013,27.530413,0
                -99.467205,27.530436,0
                -99.46741,27.530461,0
                -99.467784,27.53048,0
                -99.467859,27.530484,0
                -99.467978,27.530486,0
                -99.468135,27.5305,0
                -99.468205,27.530502,0
                -99.468538,27.530515,0
                -99.468888,27.530522,0
                -99.468957,27.530524,0
                -99.469008,27.530524,0
                -99.469116,27.530525,0
                -99.469315,27.530526,0
                -99.469575,27.530529,0
                -99.469915,27.530528,0
                -99.469977,27.530528,0
                -99.470008,27.530528,0
                -99.470116,27.530528,0
                -99.470286,27.530527,0
                -99.470797,27.530526,0
                -99.470968,27.530526,0
                -99.471398,27.530528,0
                -99.472688,27.530536,0
                -99.473119,27.530539,0
                -99.474146,27.53054,0
                -99.47622,27.530581,0
                -99.476147,27.530649,0
                -99.475935,27.530648,0
                -99.475437,27.530648,0
                -99.474815,27.530653,0
                -99.47415,27.530667,0
                -99.474144,27.53083,0
                -99.474145,27.530872,0
                -99.474154,27.531118,0
                -99.474173,27.531419,0
                -99.474228,27.531499,0
                -99.474292,27.531608,0
                -99.474359,27.531825,0
                -99.47443,27.532151,0
                -99.47443,27.53244,0
              </coordinates>
            </LinearRing>
          </outerBoundaryIs>
        </Polygon>
      </Placemark>
      <Placemark>
        <name>District 5</name>
        <description><![CDATA[description: <br>ID: 10<br>AREA: 13.5741<br>DISTRICT: 5<br>MEMBERS: 1<br>LOCKED: <br>NAME: <br>POPULATION: 30659<br>HISPANIC_O: 28296<br>BLACK: 315<br>H18_POP: 21130<br>F18_POP: 23057<br>F18_BLK: 270<br>DEVIATION: -1242<br>F_DEVIATIO: -0.038933<br>F_HISPANIC: 0.922926<br>F_BLACK: 0.010274<br>F_H18_POP: 0.689194<br>F_18_POP: 0.752047<br>F_18_BLK: 0.008807<br>IDEAL_VALU: 31901<br>DISTRICT_L: 5|-3.89%]]></description>
        <styleUrl>#poly-0000FF-3000-56</styleUrl>
        <ExtendedData>
          <Data name="description">
            <value/>
          </Data>
          <Data name="ID">
            <value>10</value>
          </Data>
          <Data name="AREA">
            <value>13.5741</value>
          </Data>
          <Data name="DISTRICT">
            <value>5</value>
          </Data>
          <Data name="MEMBERS">
            <value>1</value>
          </Data>
          <Data name="LOCKED">
            <value/>
          </Data>
          <Data name="NAME">
            <value/>
          </Data>
          <Data name="POPULATION">
            <value>30659</value>
          </Data>
          <Data name="HISPANIC_O">
            <value>28296</value>
          </Data>
          <Data name="BLACK">
            <value>315</value>
          </Data>
          <Data name="H18_POP">
            <value>21130</value>
          </Data>
          <Data name="F18_POP">
            <value>23057</value>
          </Data>
          <Data name="F18_BLK">
            <value>270</value>
          </Data>
          <Data name="DEVIATION">
            <value>-1242</value>
          </Data>
          <Data name="F_DEVIATIO">
            <value>-0.038933</value>
          </Data>
          <Data name="F_HISPANIC">
            <value>0.922926</value>
          </Data>
          <Data name="F_BLACK">
            <value>0.010274</value>
          </Data>
          <Data name="F_H18_POP">
            <value>0.689194</value>
          </Data>
          <Data name="F_18_POP">
            <value>0.752047</value>
          </Data>
          <Data name="F_18_BLK">
            <value>0.008807</value>
          </Data>
          <Data name="IDEAL_VALU">
            <value>31901</value>
          </Data>
          <Data name="DISTRICT_L">
            <value>5|-3.89%</value>
          </Data>
        </ExtendedData>
        <Polygon>
          <outerBoundaryIs>
            <LinearRing>
              <tessellate>1</tessellate>
              <coordinates>
                -99.421383,27.580136,0
                -99.426741,27.584804,0
                -99.429054,27.58682,0
                -99.432104,27.58908,0
                -99.432197,27.589149,0
                -99.432245,27.58925,0
                -99.432286,27.589217,0
                -99.432375,27.589158,0
                -99.43247,27.589105,0
                -99.432517,27.589084,0
                -99.43266,27.589037,0
                -99.432733,27.589013,0
                -99.433269,27.588811,0
                -99.433549,27.588706,0
                -99.433904,27.588572,0
                -99.435228,27.588074,0
                -99.435515,27.587966,0
                -99.436265,27.587685,0
                -99.436511,27.587592,0
                -99.437253,27.587314,0
                -99.437453,27.58724,0
                -99.4375,27.587222,0
                -99.438055,27.587011,0
                -99.438904,27.586691,0
                -99.439506,27.586472,0
                -99.439725,27.586387,0
                -99.44028,27.586173,0
                -99.442391,27.585377,0
                -99.442495,27.585338,0
                -99.443522,27.584952,0
                -99.444035,27.58476,0
                -99.444076,27.584744,0
                -99.445021,27.584394,0
                -99.447356,27.583492,0
                -99.447797,27.583322,0
                -99.448428,27.583087,0
                -99.448982,27.58289,0
                -99.44914,27.582835,0
                -99.450096,27.582511,0
                -99.45136,27.582014,0
                -99.451709,27.581894,0
                -99.451735,27.581884,0
                -99.452851,27.581466,0
                -99.453224,27.581327,0
                -99.453686,27.581154,0
                -99.454067,27.58101,0
                -99.454192,27.580964,0
                -99.454744,27.580757,0
                -99.456518,27.580093,0
                -99.456597,27.580063,0
                -99.457443,27.579753,0
                -99.457609,27.579692,0
                -99.458015,27.579553,0
                -99.459738,27.578967,0
                -99.460084,27.578849,0
                -99.460133,27.578833,0
                -99.460312,27.578771,0
                -99.460324,27.578766,0
                -99.460363,27.578753,0
                -99.460376,27.578749,0
                -99.46114,27.578484,0
                -99.461262,27.578447,0
                -99.46166,27.578328,0
                -99.462779,27.577965,0
                -99.463114,27.57785,0
                -99.463917,27.577578,0
                -99.463933,27.577572,0
                -99.464814,27.577253,0
                -99.465046,27.577178,0
                -99.465657,27.576949,0
                -99.468177,27.576009,0
                -99.469018,27.575696,0
                -99.469609,27.575487,0
                -99.469695,27.575457,0
                -99.471372,27.574833,0
                -99.471784,27.574681,0
                -99.471918,27.574631,0
                -99.47196,27.574614,0
                -99.472184,27.574522,0
                -99.472856,27.574248,0
                -99.473081,27.574157,0
                -99.473436,27.574795,0
                -99.47345,27.574827,0
                -99.473477,27.574889,0
                -99.473511,27.574984,0
                -99.473532,27.575063,0
                -99.473561,27.575224,0
                -99.473566,27.575333,0
                -99.473564,27.575442,0
                -99.473554,27.575553,0
                -99.473536,27.575663,0
                -99.473468,27.575991,0
                -99.473279,27.577082,0
                -99.473149,27.577837,0
                -99.473103,27.578066,0
                -99.472967,27.578756,0
                -99.472923,27.578987,0
                -99.472885,27.579163,0
                -99.472816,27.579495,0
                -99.472781,27.579695,0
                -99.47275,27.579874,0
                -99.472636,27.580427,0
                -99.472603,27.580908,0
                -99.472625,27.581077,0
                -99.472642,27.581161,0
                -99.472704,27.581367,0
                -99.472757,27.581491,0
                -99.472799,27.581572,0
                -99.472846,27.581651,0
                -99.472935,27.581846,0
                -99.473122,27.582222,0
                -99.473184,27.582372,0
                -99.47321,27.582435,0
                -99.473305,27.582646,0
                -99.473491,27.583019,0
                -99.473536,27.5831,0
                -99.473587,27.583178,0
                -99.47372,27.583335,0
                -99.473884,27.583503,0
                -99.47398,27.583593,0
                -99.47419,27.583771,0
                -99.4742,27.583779,0
                -99.474327,27.583873,0
                -99.474665,27.58411,0
                -99.474877,27.584261,0
                -99.474984,27.584337,0
                -99.475254,27.584561,0
                -99.475326,27.584631,0
                -99.475396,27.584711,0
                -99.475451,27.584787,0
                -99.475606,27.584998,0
                -99.475655,27.585105,0
                -99.475802,27.585427,0
                -99.475853,27.585534,0
                -99.476004,27.585849,0
                -99.476458,27.586796,0
                -99.476576,27.587042,0
                -99.476612,27.587111,0
                -99.476915,27.58701,0
                -99.477826,27.586708,0
                -99.47813,27.586608,0
                -99.478201,27.586589,0
                -99.478416,27.586535,0
                -99.478431,27.586532,0
                -99.478488,27.586517,0
                -99.478574,27.586493,0
                -99.478831,27.586422,0
                -99.478918,27.586399,0
                -99.479081,27.586334,0
                -99.479168,27.586301,0
                -99.479374,27.58621,0
                -99.479564,27.586119,0
                -99.479577,27.586113,0
                -99.47972,27.586037,0
                -99.479838,27.585959,0
                -99.479853,27.585946,0
                -99.480233,27.585643,0
                -99.480321,27.585573,0
                -99.480355,27.585537,0
                -99.48046,27.585434,0
                -99.480778,27.585126,0
                -99.480884,27.585024,0
                -99.480997,27.584919,0
                -99.481086,27.584838,0
                -99.481347,27.584615,0
                -99.481465,27.584516,0
                -99.481495,27.584489,0
                -99.481603,27.584418,0
                -99.481644,27.584393,0
                -99.481817,27.5843,0
                -99.48205,27.584173,0
                -99.48213,27.58413,0
                -99.482198,27.58409,0
                -99.482419,27.58398,0
                -99.482526,27.583928,0
                -99.482832,27.583766,0
                -99.482953,27.583692,0
                -99.483065,27.583616,0
                -99.483258,27.583462,0
                -99.4834,27.583261,0
                -99.483462,27.583144,0
                -99.483589,27.582849,0
                -99.483594,27.58284,0
                -99.483668,27.582699,0
                -99.483715,27.58262,0
                -99.483772,27.582541,0
                -99.483834,27.582467,0
                -99.483947,27.582357,0
                -99.484032,27.582293,0
                -99.484123,27.582234,0
                -99.484211,27.582184,0
                -99.484398,27.582096,0
                -99.484531,27.582043,0
                -99.484802,27.581946,0
                -99.485298,27.581753,0
                -99.485564,27.58165,0
                -99.485952,27.581504,0
                -99.486106,27.581445,0
                -99.486568,27.581268,0
                -99.486723,27.58121,0
                -99.486805,27.581177,0
                -99.487053,27.581081,0
                -99.487136,27.58105,0
                -99.487027,27.580831,0
                -99.486703,27.580175,0
                -99.486595,27.579957,0
                -99.48653,27.579826,0
                -99.486443,27.579649,0
                -99.48634,27.579431,0
                -99.486278,27.579299,0
                -99.486248,27.579237,0
                -99.486159,27.579053,0
                -99.48613,27.578992,0
                -99.486066,27.57886,0
                -99.485968,27.578655,0
                -99.485877,27.578467,0
                -99.485846,27.578401,0
                -99.485822,27.578333,0
                -99.485819,27.578289,0
                -99.485825,27.578228,0
                -99.485831,27.578171,0
                -99.485843,27.578116,0
                -99.485878,27.578038,0
                -99.485938,27.577937,0
                -99.485945,27.577926,0
                -99.486013,27.577864,0
                -99.485908,27.577834,0
                -99.485676,27.577351,0
                -99.484937,27.575783,0
                -99.484745,27.575368,0
                -99.484566,27.575014,0
                -99.48452,27.574909,0
                -99.485204,27.574678,0
                -99.484771,27.573756,0
                -99.485737,27.573402,0
                -99.485825,27.573368,0
                -99.486092,27.573265,0
                -99.486181,27.573232,0
                -99.486192,27.573228,0
                -99.486403,27.573151,0
                -99.486456,27.573133,0
                -99.486607,27.57307,0
                -99.486637,27.573055,0
                -99.486656,27.573042,0
                -99.486649,27.573025,0
                -99.486635,27.573004,0
                -99.486464,27.572652,0
                -99.486433,27.572589,0
                -99.486403,27.572533,0
                -99.486345,27.572449,0
                -99.486319,27.572394,0
                -99.486297,27.572332,0
                -99.486247,27.572192,0
                -99.486215,27.572049,0
                -99.486204,27.571968,0
                -99.486189,27.571844,0
                -99.486185,27.571667,0
                -99.486174,27.571139,0
                -99.486172,27.571028,0
                -99.486175,27.570963,0
                -99.486182,27.570682,0
                -99.486184,27.570625,0
                -99.486176,27.570397,0
                -99.486118,27.569948,0
                -99.486099,27.569845,0
                -99.486051,27.569569,0
                -99.486505,27.569496,0
                -99.487869,27.569281,0
                -99.488324,27.56921,0
                -99.48839,27.569199,0
                -99.488589,27.56917,0
                -99.488656,27.56916,0
                -99.488783,27.56914,0
                -99.488927,27.569119,0
                -99.489119,27.56909,0
                -99.489165,27.569083,0
                -99.489293,27.569064,0
                -99.489429,27.569043,0
                -99.489587,27.56902,0
                -99.489818,27.568988,0
                -99.489837,27.568985,0
                -99.489974,27.568966,0
                -99.49031,27.568913,0
                -99.491319,27.568758,0
                -99.491656,27.568706,0
                -99.491864,27.568673,0
                -99.492489,27.568578,0
                -99.492698,27.568546,0
                -99.492994,27.568496,0
                -99.493451,27.568418,0
                -99.49368,27.56838,0
                -99.493881,27.568315,0
                -99.494433,27.568231,0
                -99.494835,27.568169,0
                -99.49571,27.568031,0
                -99.496229,27.56795,0
                -99.496466,27.567916,0
                -99.498747,27.567563,0
                -99.498581,27.566772,0
                -99.498377,27.565846,0
                -99.498304,27.565562,0
                -99.498277,27.565484,0
                -99.498272,27.565472,0
                -99.498245,27.565407,0
                -99.498185,27.565288,0
                -99.498041,27.565077,0
                -99.497894,27.564878,0
                -99.497824,27.564777,0
                -99.49772,27.564605,0
                -99.497676,27.564516,0
                -99.497664,27.564484,0
                -99.497635,27.564407,0
                -99.497602,27.564296,0
                -99.497558,27.564112,0
                -99.497514,27.563931,0
                -99.497428,27.563578,0
                -99.497384,27.563389,0
                -99.497343,27.563208,0
                -99.497292,27.562991,0
                -99.497142,27.562341,0
                -99.497111,27.562204,0
                -99.497084,27.562127,0
                -99.497027,27.561857,0
                -99.496961,27.561581,0
                -99.496576,27.559948,0
                -99.496494,27.559601,0
                -99.496433,27.559408,0
                -99.496146,27.559181,0
                -99.495285,27.558501,0
                -99.494998,27.558275,0
                -99.494959,27.558252,0
                -99.494842,27.558186,0
                -99.494803,27.558165,0
                -99.494724,27.558137,0
                -99.494677,27.558115,0
                -99.494626,27.558094,0
                -99.494567,27.558071,0
                -99.494477,27.558036,0
                -99.49442,27.558016,0
                -99.494334,27.55799,0
                -99.494269,27.557971,0
                -99.494217,27.557955,0
                -99.494148,27.55793,0
                -99.494098,27.557914,0
                -99.494045,27.557902,0
                -99.493995,27.557892,0
                -99.493939,27.557883,0
                -99.493879,27.557873,0
                -99.493814,27.557862,0
                -99.493747,27.557855,0
                -99.493684,27.557853,0
                -99.493623,27.557858,0
                -99.493565,27.557863,0
                -99.493507,27.557865,0
                -99.493452,27.55787,0
                -99.493396,27.557876,0
                -99.493309,27.557887,0
                -99.493248,27.557893,0
                -99.493187,27.557899,0
                -99.493126,27.557905,0
                -99.493033,27.557913,0
                -99.492966,27.557919,0
                -99.492909,27.557938,0
                -99.492846,27.557942,0
                -99.492791,27.55794,0
                -99.492734,27.557936,0
                -99.492659,27.557927,0
                -99.492587,27.557918,0
                -99.492515,27.557908,0
                -99.492462,27.557898,0
                -99.492407,27.557883,0
                -99.49235,27.557864,0
                -99.492296,27.557841,0
                -99.492241,27.557815,0
                -99.492183,27.557783,0
                -99.492127,27.557746,0
                -99.492073,27.557703,0
                -99.492021,27.557655,0
                -99.491969,27.557603,0
                -99.491922,27.557549,0
                -99.491878,27.55749,0
                -99.491825,27.557394,0
                -99.491792,27.557331,0
                -99.491759,27.557266,0
                -99.491725,27.557203,0
                -99.491691,27.557139,0
                -99.491657,27.557078,0
                -99.491621,27.557015,0
                -99.491585,27.55695,0
                -99.491548,27.556885,0
                -99.49151,27.556818,0
                -99.491475,27.556751,0
                -99.49144,27.556685,0
                -99.491405,27.556618,0
                -99.491369,27.556554,0
                -99.491334,27.556492,0
                -99.491302,27.556435,0
                -99.491272,27.556383,0
                -99.491219,27.556289,0
                -99.491192,27.556244,0
                -99.491169,27.556196,0
                -99.491142,27.556149,0
                -99.491114,27.556103,0
                -99.491085,27.55605,0
                -99.491075,27.556007,0
                -99.490859,27.555606,0
                -99.490289,27.554547,0
                -99.49022,27.554399,0
                -99.490028,27.553987,0
                -99.490006,27.553941,0
                -99.48994,27.553805,0
                -99.489918,27.55376,0
                -99.490069,27.553555,0
                -99.490524,27.55294,0
                -99.490676,27.552736,0
                -99.490692,27.552651,0
                -99.490744,27.552396,0
                -99.490762,27.552312,0
                -99.490966,27.552344,0
                -99.491579,27.552442,0
                -99.491784,27.552475,0
                -99.491983,27.552503,0
                -99.49258,27.552589,0
                -99.49278,27.552618,0
                -99.492805,27.552472,0
                -99.492881,27.552035,0
                -99.492907,27.55189,0
                -99.492938,27.551741,0
                -99.493032,27.551297,0
                -99.493064,27.551149,0
                -99.493089,27.551002,0
                -99.493168,27.550561,0
                -99.493194,27.550415,0
                -99.493699,27.550489,0
                -99.495214,27.550713,0
                -99.495502,27.550756,0
                -99.495718,27.550798,0
                -99.495848,27.550814,0
                -99.496238,27.550865,0
                -99.496368,27.550883,0
                -99.496521,27.550903,0
                -99.496983,27.550963,0
                -99.497137,27.550984,0
                -99.497331,27.550207,0
                -99.497435,27.549792,0
                -99.49739,27.549514,0
                -99.497497,27.549031,0
                -99.497511,27.548505,0
                -99.497641,27.547846,0
                -99.497687,27.547618,0
                -99.497707,27.547356,0
                -99.497748,27.547203,0
                -99.497775,27.547059,0
                -99.497737,27.547053,0
                -99.497623,27.547036,0
                -99.497585,27.547031,0
                -99.497463,27.547013,0
                -99.497391,27.547002,0
                -99.497053,27.546952,0
                -99.496809,27.546918,0
                -99.496616,27.546891,0
                -99.496581,27.546886,0
                -99.496477,27.546871,0
                -99.496443,27.546867,0
                -99.496254,27.546836,0
                -99.495689,27.546746,0
                -99.495546,27.546724,0
                -99.495501,27.546718,0
                -99.495278,27.546687,0
                -99.494614,27.546596,0
                -99.494391,27.54656,0
                -99.494305,27.546549,0
                -99.494048,27.546519,0
                -99.493963,27.546509,0
                -99.493585,27.546442,0
                -99.493443,27.546418,0
                -99.492654,27.546307,0
                -99.492449,27.546275,0
                -99.492331,27.546257,0
                -99.492071,27.546216,0
                -99.491926,27.546193,0
                -99.491492,27.546126,0
                -99.491348,27.546104,0
                -99.491139,27.546071,0
                -99.490512,27.545973,0
                -99.490303,27.545941,0
                -99.490291,27.545939,0
                -99.489926,27.545889,0
                -99.489702,27.545858,0
                -99.489592,27.545843,0
                -99.489186,27.545787,0
                -99.488735,27.545718,0
                -99.487759,27.545568,0
                -99.487665,27.545554,0
                -99.487385,27.545513,0
                -99.487292,27.5455,0
                -99.487177,27.545483,0
                -99.486832,27.545433,0
                -99.486717,27.545417,0
                -99.486554,27.545393,0
                -99.486502,27.545386,0
                -99.486439,27.545377,0
                -99.486065,27.545319,0
                -99.485903,27.545295,0
                -99.485316,27.545205,0
                -99.484733,27.545117,0
                -99.483555,27.544944,0
                -99.482968,27.544859,0
                -99.482909,27.54485,0
                -99.482734,27.544824,0
                -99.482676,27.544816,0
                -99.482735,27.544503,0
                -99.482915,27.543566,0
                -99.482975,27.543254,0
                -99.48302,27.543016,0
                -99.483029,27.542969,0
                -99.483064,27.542785,0
                -99.483068,27.542762,0
                -99.483131,27.542437,0
                -99.483239,27.541967,0
                -99.48342,27.541403,0
                -99.483525,27.541079,0
                -99.483554,27.540947,0
                -99.48361,27.540699,0
                -99.48378,27.539958,0
                -99.483837,27.539711,0
                -99.48389,27.5394,0
                -99.483905,27.539317,0
                -99.484123,27.53814,0
                -99.484196,27.537748,0
                -99.484225,27.537586,0
                -99.484315,27.537103,0
                -99.484345,27.536942,0
                -99.484361,27.536888,0
                -99.484379,27.536762,0
                -99.484417,27.536504,0
                -99.484432,27.536216,0
                -99.484431,27.536034,0
                -99.484225,27.536035,0
                -99.483606,27.536037,0
                -99.483401,27.536039,0
                -99.483195,27.536038,0
                -99.48258,27.536035,0
                -99.482375,27.536034,0
                -99.482166,27.536034,0
                -99.481539,27.536034,0
                -99.48133,27.536034,0
                -99.48113,27.536031,0
                -99.480533,27.536024,0
                -99.480449,27.536024,0
                -99.480335,27.53603,0
                -99.48033,27.535844,0
                -99.480317,27.535286,0
                -99.480313,27.535101,0
                -99.480308,27.53492,0
                -99.480295,27.534377,0
                -99.480291,27.534196,0
                -99.480196,27.534203,0
                -99.48015,27.534207,0
                -99.479916,27.534254,0
                -99.479823,27.534273,0
                -99.479576,27.534296,0
                -99.479481,27.534305,0
                -99.478871,27.534296,0
                -99.478834,27.534295,0
                -99.478587,27.534292,0
                -99.478572,27.534599,0
                -99.478526,27.535522,0
                -99.478512,27.53583,0
                -99.478507,27.535948,0
                -99.478495,27.536301,0
                -99.478491,27.53642,0
                -99.478215,27.53641,0
                -99.47739,27.536383,0
                -99.477115,27.536374,0
                -99.477051,27.536371,0
                -99.476862,27.536364,0
                -99.476799,27.536362,0
                -99.476576,27.536351,0
                -99.47591,27.536318,0
                -99.475689,27.536307,0
                -99.475401,27.536296,0
                -99.474537,27.536266,0
                -99.47425,27.536256,0
                -99.474252,27.536219,0
                -99.474258,27.536112,0
                -99.474261,27.536076,0
                -99.474282,27.535731,0
                -99.474346,27.534699,0
                -99.474368,27.534356,0
                -99.47438,27.534148,0
                -99.474386,27.533915,0
                -99.474425,27.532592,0
                -99.47443,27.53244,0
                -99.47443,27.532151,0
                -99.474359,27.531825,0
                -99.474292,27.531608,0
                -99.474228,27.531499,0
                -99.474173,27.531419,0
                -99.474154,27.531118,0
                -99.474145,27.530872,0
                -99.474144,27.53083,0
                -99.47415,27.530667,0
                -99.474815,27.530653,0
                -99.475437,27.530648,0
                -99.475935,27.530648,0
                -99.476147,27.530649,0
                -99.47622,27.530581,0
                -99.474146,27.53054,0
                -99.473119,27.530539,0
                -99.472688,27.530536,0
                -99.471398,27.530528,0
                -99.470968,27.530526,0
                -99.470797,27.530526,0
                -99.470286,27.530527,0
                -99.470116,27.530528,0
                -99.470008,27.530528,0
                -99.469977,27.530528,0
                -99.469915,27.530528,0
                -99.469575,27.530529,0
                -99.469315,27.530526,0
                -99.469116,27.530525,0
                -99.469008,27.530524,0
                -99.468957,27.530524,0
                -99.468888,27.530522,0
                -99.468538,27.530515,0
                -99.468205,27.530502,0
                -99.468135,27.5305,0
                -99.467978,27.530486,0
                -99.467859,27.530484,0
                -99.467784,27.53048,0
                -99.46741,27.530461,0
                -99.467205,27.530436,0
                -99.467013,27.530413,0
                -99.466941,27.530404,0
                -99.466833,27.530391,0
                -99.466659,27.530371,0
                -99.466296,27.530332,0
                -99.466161,27.530317,0
                -99.466117,27.530313,0
                -99.465995,27.5303,0
                -99.465926,27.530292,0
                -99.46554,27.530227,0
                -99.465129,27.53017,0
                -99.464877,27.530131,0
                -99.464421,27.530079,0
                -99.463885,27.530007,0
                -99.463358,27.52994,0
                -99.463301,27.529935,0
                -99.463096,27.529951,0
                -99.462894,27.529926,0
                -99.462769,27.52991,0
                -99.462394,27.529863,0
                -99.46227,27.529848,0
                -99.462178,27.529836,0
                -99.461382,27.529739,0
                -99.458718,27.529416,0
                -99.457831,27.529309,0
                -99.457791,27.529304,0
                -99.457673,27.529289,0
                -99.457634,27.529285,0
                -99.457614,27.52928,0
                -99.457033,27.529206,0
                -99.455755,27.529044,0
                -99.45523,27.528978,0
                -99.454796,27.528923,0
                -99.45463,27.528902,0
                -99.454548,27.528891,0
                -99.454304,27.528861,0
                -99.454223,27.528851,0
                -99.453428,27.528725,0
                -99.453393,27.52872,0
                -99.452802,27.52865,0
                -99.45269,27.528637,0
                -99.451094,27.528513,0
                -99.450884,27.528504,0
                -99.450651,27.528494,0
                -99.450046,27.528471,0
                -99.449939,27.528467,0
                -99.449619,27.528455,0
                -99.449513,27.528452,0
                -99.449316,27.528401,0
                -99.448967,27.528382,0
                -99.447435,27.528301,0
                -99.446382,27.528287,0
                -99.445799,27.528248,0
                -99.44565,27.528229,0
                -99.445434,27.528229,0
                -99.445315,27.528228,0
                -99.445313,27.528262,0
                -99.445311,27.528297,0
                -99.445311,27.528395,0
                -99.445139,27.528386,0
                -99.444556,27.528358,0
                -99.441797,27.528221,0
                -99.441692,27.5282,0
                -99.441616,27.528139,0
                -99.438229,27.527987,0
                -99.437544,27.52797,0
                -99.436996,27.527974,0
                -99.436637,27.527988,0
                -99.436042,27.528024,0
                -99.435478,27.528094,0
                -99.43533,27.528118,0
                -99.435201,27.528138,0
                -99.435149,27.528147,0
                -99.43498,27.528174,0
                -99.434816,27.528205,0
                -99.43471,27.528225,0
                -99.434688,27.52823,0
                -99.434569,27.528253,0
                -99.434493,27.528272,0
                -99.434213,27.528347,0
                -99.433915,27.528417,0
                -99.433722,27.528463,0
                -99.43364,27.528485,0
                -99.433563,27.528507,0
                -99.433399,27.528561,0
                -99.43332,27.528588,0
                -99.433276,27.528602,0
                -99.433147,27.528645,0
                -99.433104,27.52866,0
                -99.433047,27.528678,0
                -99.432928,27.528719,0
                -99.432878,27.528736,0
                -99.432823,27.528757,0
                -99.432653,27.528818,0
                -99.432458,27.52889,0
                -99.432153,27.529021,0
                -99.431988,27.529093,0
                -99.431929,27.529118,0
                -99.431755,27.529208,0
                -99.431715,27.529228,0
                -99.431363,27.52941,0
                -99.431267,27.52946,0
                -99.431093,27.529554,0
                -99.431065,27.52957,0
                -99.430925,27.529647,0
                -99.430908,27.529656,0
                -99.430648,27.529814,0
                -99.430217,27.530074,0
                -99.430152,27.530118,0
                -99.429043,27.530897,0
                -99.428731,27.53113,0
                -99.42847,27.531327,0
                -99.428266,27.531479,0
                -99.427193,27.53228,0
                -99.427097,27.532351,0
                -99.427022,27.532406,0
                -99.427437,27.532407,0
                -99.4271,27.532656,0
                -99.426792,27.532885,0
                -99.426723,27.532936,0
                -99.425134,27.534115,0
                -99.425154,27.534149,0
                -99.425217,27.534277,0
                -99.425269,27.534382,0
                -99.425413,27.534278,0
                -99.425497,27.534218,0
                -99.425859,27.533957,0
                -99.426071,27.534112,0
                -99.427392,27.535094,0
                -99.427576,27.535328,0
                -99.427772,27.535577,0
                -99.428087,27.535977,0
                -99.428356,27.536324,0
                -99.428019,27.536709,0
                -99.427694,27.537079,0
                -99.426982,27.537891,0
                -99.42658,27.53835,0
                -99.425851,27.539182,0
                -99.426085,27.539369,0
                -99.425983,27.539471,0
                -99.425139,27.54184,0
                -99.425985,27.541846,0
                -99.426215,27.541845,0
                -99.430429,27.541834,0
                -99.432709,27.541828,0
                -99.437712,27.541766,0
                -99.437723,27.541911,0
                -99.437749,27.546241,0
                -99.438927,27.546234,0
                -99.439143,27.546231,0
                -99.440266,27.546221,0
                -99.44256,27.546203,0
                -99.442813,27.5462,0
                -99.443439,27.546327,0
                -99.445258,27.546694,0
                -99.445237,27.546733,0
                -99.445215,27.546787,0
                -99.445199,27.546844,0
                -99.445192,27.546902,0
                -99.445191,27.54696,0
                -99.445194,27.546985,0
                -99.445199,27.547018,0
                -99.445477,27.548124,0
                -99.445506,27.548238,0
                -99.445686,27.548653,0
                -99.445878,27.549044,0
                -99.446327,27.54967,0
                -99.445596,27.54952,0
                -99.444914,27.549379,0
                -99.444435,27.549281,0
                -99.444289,27.549251,0
                -99.444216,27.54926,0
                -99.444068,27.549253,0
                -99.443598,27.549232,0
                -99.443406,27.549228,0
                -99.443303,27.549227,0
                -99.443188,27.549207,0
                -99.442678,27.549187,0
                -99.441148,27.54913,0
                -99.440638,27.549112,0
                -99.440461,27.549004,0
                -99.440424,27.548998,0
                -99.440281,27.548991,0
                -99.440124,27.548963,0
                -99.440037,27.54893,0
                -99.440013,27.548901,0
                -99.439675,27.548848,0
                -99.438916,27.548759,0
                -99.438614,27.549121,0
                -99.438935,27.549892,0
                -99.438297,27.550038,0
                -99.438309,27.552184,0
                -99.437286,27.552699,0
                -99.43628,27.552678,0
                -99.435306,27.553251,0
                -99.434088,27.554866,0
                -99.433963,27.555033,0
                -99.433303,27.55601,0
                -99.432482,27.556296,0
                -99.432466,27.556317,0
                -99.4317,27.556486,0
                -99.430425,27.556457,0
                -99.428862,27.556175,0
                -99.426794,27.555324,0
                -99.426541,27.555225,0
                -99.426544,27.556376,0
                -99.426583,27.56241,0
                -99.426866,27.562405,0
                -99.42939,27.562379,0
                -99.430654,27.562366,0
                -99.428087,27.56469,0
                -99.426953,27.56571,0
                -99.419488,27.572437,0
                -99.416079,27.575513,0
                -99.416938,27.576261,0
                -99.417739,27.576969,0
                -99.417903,27.577103,0
                -99.421383,27.580136,0
              </coordinates>
            </LinearRing>
          </outerBoundaryIs>
        </Polygon>
      </Placemark>
      <Placemark>
        <name>District 6</name>
        <description><![CDATA[description: <br>ID: 11<br>AREA: 16.3823<br>DISTRICT: 6<br>MEMBERS: 1<br>LOCKED: <br>NAME: <br>POPULATION: 32888<br>HISPANIC_O: 30405<br>BLACK: 218<br>H18_POP: 21424<br>F18_POP: 23341<br>F18_BLK: 156<br>DEVIATION: 987<br>F_DEVIATIO: 0.030939<br>F_HISPANIC: 0.924501<br>F_BLACK: 0.006629<br>F_H18_POP: 0.651423<br>F_18_POP: 0.709712<br>F_18_BLK: 0.004743<br>IDEAL_VALU: 31901<br>DISTRICT_L: 6|3.09%]]></description>
        <styleUrl>#poly-00AAFF-3000-56</styleUrl>
        <ExtendedData>
          <Data name="description">
            <value/>
          </Data>
          <Data name="ID">
            <value>11</value>
          </Data>
          <Data name="AREA">
            <value>16.3823</value>
          </Data>
          <Data name="DISTRICT">
            <value>6</value>
          </Data>
          <Data name="MEMBERS">
            <value>1</value>
          </Data>
          <Data name="LOCKED">
            <value/>
          </Data>
          <Data name="NAME">
            <value/>
          </Data>
          <Data name="POPULATION">
            <value>32888</value>
          </Data>
          <Data name="HISPANIC_O">
            <value>30405</value>
          </Data>
          <Data name="BLACK">
            <value>218</value>
          </Data>
          <Data name="H18_POP">
            <value>21424</value>
          </Data>
          <Data name="F18_POP">
            <value>23341</value>
          </Data>
          <Data name="F18_BLK">
            <value>156</value>
          </Data>
          <Data name="DEVIATION">
            <value>987</value>
          </Data>
          <Data name="F_DEVIATIO">
            <value>0.030939</value>
          </Data>
          <Data name="F_HISPANIC">
            <value>0.924501</value>
          </Data>
          <Data name="F_BLACK">
            <value>0.006629</value>
          </Data>
          <Data name="F_H18_POP">
            <value>0.651423</value>
          </Data>
          <Data name="F_18_POP">
            <value>0.709712</value>
          </Data>
          <Data name="F_18_BLK">
            <value>0.004743</value>
          </Data>
          <Data name="IDEAL_VALU">
            <value>31901</value>
          </Data>
          <Data name="DISTRICT_L">
            <value>6|3.09%</value>
          </Data>
        </ExtendedData>
        <Polygon>
          <outerBoundaryIs>
            <LinearRing>
              <tessellate>1</tessellate>
              <coordinates>
                -99.454028,27.628897,0
                -99.455411,27.628371,0
                -99.456285,27.628046,0
                -99.456647,27.627906,0
                -99.457662,27.627515,0
                -99.458025,27.627375,0
                -99.458647,27.627137,0
                -99.459322,27.626887,0
                -99.460171,27.626563,0
                -99.460504,27.626441,0
                -99.460922,27.626263,0
                -99.461625,27.625999,0
                -99.461575,27.62719,0
                -99.461479,27.630377,0
                -99.461398,27.633087,0
                -99.462313,27.633103,0
                -99.465209,27.633179,0
                -99.46523,27.633179,0
                -99.466973,27.633228,0
                -99.467139,27.63322,0
                -99.466788,27.631691,0
                -99.466763,27.63134,0
                -99.46672,27.631263,0
                -99.466686,27.631246,0
                -99.466392,27.629937,0
                -99.466398,27.629816,0
                -99.466327,27.629593,0
                -99.466351,27.628819,0
                -99.466391,27.627467,0
                -99.467233,27.627486,0
                -99.467639,27.627495,0
                -99.467641,27.627394,0
                -99.467652,27.627084,0
                -99.467678,27.626182,0
                -99.467708,27.625151,0
                -99.467741,27.624006,0
                -99.46775,27.623674,0
                -99.467912,27.623613,0
                -99.467977,27.623588,0
                -99.46816,27.623519,0
                -99.470984,27.622437,0
                -99.472715,27.621777,0
                -99.477995,27.61977,0
                -99.481168,27.618561,0
                -99.484778,27.617183,0
                -99.484771,27.617212,0
                -99.483166,27.624567,0
                -99.481212,27.633516,0
                -99.485979,27.634345,0
                -99.484902,27.639032,0
                -99.48465,27.64111,0
                -99.484614,27.641424,0
                -99.484738,27.641456,0
                -99.484449,27.642934,0
                -99.484241,27.644033,0
                -99.484022,27.644939,0
                -99.483881,27.645496,0
                -99.483513,27.646711,0
                -99.482503,27.648375,0
                -99.479837,27.651487,0
                -99.479685,27.651653,0
                -99.476883,27.654855,0
                -99.476204,27.655624,0
                -99.475624,27.65629,0
                -99.475041,27.656947,0
                -99.474573,27.657494,0
                -99.473617,27.658607,0
                -99.472685,27.659695,0
                -99.471172,27.661456,0
                -99.470444,27.662305,0
                -99.468693,27.662563,0
                -99.466148,27.662717,0
                -99.4652,27.662774,0
                -99.46231,27.662948,0
                -99.459431,27.663121,0
                -99.458011,27.663207,0
                -99.456171,27.663317,0
                -99.451889,27.663576,0
                -99.44501,27.66399,0
                -99.441859,27.66418,0
                -99.433851,27.664661,0
                -99.43269,27.664731,0
                -99.423608,27.664986,0
                -99.422155,27.665027,0
                -99.420853,27.665063,0
                -99.41942,27.665103,0
                -99.417615,27.665153,0
                -99.417873,27.668952,0
                -99.419573,27.668857,0
                -99.421992,27.668722,0
                -99.425715,27.668513,0
                -99.431241,27.668205,0
                -99.43541,27.667971,0
                -99.438509,27.667798,0
                -99.439105,27.668243,0
                -99.441948,27.668077,0
                -99.443781,27.671996,0
                -99.443868,27.672175,0
                -99.443831,27.67215,0
                -99.443738,27.672107,0
                -99.443531,27.672163,0
                -99.442776,27.672475,0
                -99.440681,27.673273,0
                -99.438457,27.674121,0
                -99.438293,27.674192,0
                -99.437697,27.674423,0
                -99.436962,27.674709,0
                -99.435905,27.675098,0
                -99.435602,27.675211,0
                -99.43531,27.675328,0
                -99.435067,27.675418,0
                -99.434341,27.675691,0
                -99.434099,27.675783,0
                -99.433003,27.676202,0
                -99.432898,27.67624,0
                -99.432107,27.676528,0
                -99.431536,27.676748,0
                -99.430237,27.677264,0
                -99.429991,27.677357,0
                -99.429368,27.677573,0
                -99.429292,27.677602,0
                -99.428973,27.677725,0
                -99.428097,27.678073,0
                -99.427972,27.678123,0
                -99.427254,27.678381,0
                -99.426892,27.67852,0
                -99.426532,27.678632,0
                -99.426143,27.678774,0
                -99.425988,27.678846,0
                -99.425899,27.678899,0
                -99.425759,27.678965,0
                -99.425721,27.678977,0
                -99.425677,27.678992,0
                -99.425554,27.679021,0
                -99.425254,27.679153,0
                -99.424328,27.679502,0
                -99.423769,27.679732,0
                -99.423293,27.6799,0
                -99.422553,27.680188,0
                -99.422171,27.680324,0
                -99.421619,27.680532,0
                -99.421163,27.680692,0
                -99.419859,27.681185,0
                -99.418865,27.681547,0
                -99.418574,27.681662,0
                -99.418289,27.681776,0
                -99.417455,27.68209,0
                -99.416977,27.682262,0
                -99.416193,27.682563,0
                -99.416091,27.682601,0
                -99.415928,27.682665,0
                -99.415787,27.682715,0
                -99.415686,27.682753,0
                -99.415585,27.682796,0
                -99.415398,27.68286,0
                -99.414958,27.683013,0
                -99.414863,27.683052,0
                -99.414807,27.683084,0
                -99.414766,27.683118,0
                -99.414734,27.683157,0
                -99.414698,27.683253,0
                -99.414696,27.683306,0
                -99.414704,27.683333,0
                -99.414714,27.683361,0
                -99.414841,27.683608,0
                -99.414911,27.683744,0
                -99.414997,27.68392,0
                -99.415269,27.684503,0
                -99.415639,27.685244,0
                -99.416132,27.686287,0
                -99.416327,27.686693,0
                -99.416541,27.687138,0
                -99.416691,27.687436,0
                -99.416943,27.687963,0
                -99.417153,27.68839,0
                -99.417315,27.688744,0
                -99.417434,27.688959,0
                -99.41747,27.689031,0
                -99.417526,27.689178,0
                -99.417549,27.689225,0
                -99.417665,27.689405,0
                -99.417692,27.689455,0
                -99.417695,27.689464,0
                -99.419741,27.688684,0
                -99.421362,27.68808,0
                -99.42122,27.68925,0
                -99.421024,27.690884,0
                -99.421187,27.692197,0
                -99.421363,27.693624,0
                -99.421408,27.693739,0
                -99.42178,27.6947,0
                -99.421816,27.694802,0
                -99.422001,27.695324,0
                -99.422108,27.695625,0
                -99.422316,27.696216,0
                -99.42323,27.69756,0
                -99.423961,27.6986,0
                -99.424321,27.698866,0
                -99.425053,27.699484,0
                -99.42512,27.699541,0
                -99.42579,27.700107,0
                -99.426205,27.700458,0
                -99.427872,27.701589,0
                -99.428239,27.701792,0
                -99.428738,27.702085,0
                -99.430281,27.702603,0
                -99.431624,27.70305,0
                -99.432594,27.703198,0
                -99.433166,27.703246,0
                -99.434722,27.703448,0
                -99.436056,27.703354,0
                -99.437783,27.703234,0
                -99.440338,27.702553,0
                -99.440738,27.702445,0
                -99.44241,27.701589,0
                -99.442575,27.701505,0
                -99.443454,27.70106,0
                -99.444807,27.69977,0
                -99.445799,27.702224,0
                -99.445896,27.702327,0
                -99.446345,27.702805,0
                -99.453053,27.70037,0
                -99.453885,27.700091,0
                -99.454264,27.69993,0
                -99.454406,27.699137,0
                -99.454585,27.698621,0
                -99.454695,27.698574,0
                -99.454837,27.698514,0
                -99.455865,27.695596,0
                -99.457471,27.691042,0
                -99.457677,27.690471,0
                -99.457879,27.689985,0
                -99.458242,27.689401,0
                -99.458723,27.688792,0
                -99.459572,27.687835,0
                -99.459946,27.687398,0
                -99.461257,27.685867,0
                -99.461819,27.685214,0
                -99.461934,27.68508,0
                -99.462177,27.685258,0
                -99.462647,27.685599,0
                -99.462825,27.685727,0
                -99.463269,27.686052,0
                -99.463493,27.685797,0
                -99.463555,27.685726,0
                -99.463593,27.685682,0
                -99.463899,27.685343,0
                -99.464002,27.68523,0
                -99.464169,27.685039,0
                -99.464674,27.684468,0
                -99.464842,27.684278,0
                -99.464973,27.684129,0
                -99.465383,27.683646,0
                -99.465882,27.682997,0
                -99.466229,27.682391,0
                -99.466414,27.681913,0
                -99.466725,27.681113,0
                -99.466845,27.680667,0
                -99.467445,27.678559,0
                -99.467469,27.678479,0
                -99.468079,27.676467,0
                -99.469005,27.673494,0
                -99.469131,27.673126,0
                -99.469318,27.672583,0
                -99.469472,27.672059,0
                -99.47008,27.66953,0
                -99.47014,27.669335,0
                -99.471041,27.666428,0
                -99.471308,27.665605,0
                -99.471343,27.66552,0
                -99.471518,27.665087,0
                -99.471684,27.664724,0
                -99.471858,27.664345,0
                -99.472104,27.663974,0
                -99.472704,27.663169,0
                -99.473175,27.662611,0
                -99.473735,27.66195,0
                -99.474318,27.661261,0
                -99.474504,27.66106,0
                -99.475446,27.66005,0
                -99.476362,27.658976,0
                -99.476824,27.658403,0
                -99.477038,27.658139,0
                -99.477531,27.657513,0
                -99.477552,27.657479,0
                -99.477627,27.657528,0
                -99.477806,27.657584,0
                -99.477846,27.657577,0
                -99.477926,27.657518,0
                -99.478075,27.657378,0
                -99.478093,27.657367,0
                -99.478143,27.657339,0
                -99.478191,27.657326,0
                -99.478273,27.657335,0
                -99.478399,27.657367,0
                -99.478521,27.657419,0
                -99.478598,27.657462,0
                -99.480543,27.655164,0
                -99.481536,27.653992,0
                -99.482212,27.653176,0
                -99.48368,27.651406,0
                -99.484331,27.650618,0
                -99.484708,27.650211,0
                -99.48587,27.648962,0
                -99.486802,27.646648,0
                -99.486961,27.645679,0
                -99.487149,27.643465,0
                -99.487276,27.641975,0
                -99.48725,27.642,0
                -99.487196,27.642012,0
                -99.487112,27.642015,0
                -99.486915,27.641998,0
                -99.486879,27.641995,0
                -99.486824,27.64198,0
                -99.486732,27.641948,0
                -99.486587,27.641899,0
                -99.486457,27.641855,0
                -99.486366,27.641824,0
                -99.486418,27.641383,0
                -99.486621,27.639945,0
                -99.486805,27.639003,0
                -99.487,27.638114,0
                -99.487079,27.637755,0
                -99.487469,27.636022,0
                -99.488487,27.631288,0
                -99.488814,27.629825,0
                -99.48903,27.628835,0
                -99.489159,27.628249,0
                -99.489409,27.627075,0
                -99.489516,27.626575,0
                -99.489638,27.626016,0
                -99.490189,27.623501,0
                -99.490212,27.623396,0
                -99.490238,27.623275,0
                -99.490316,27.622916,0
                -99.490343,27.622796,0
                -99.490742,27.620969,0
                -99.490868,27.620394,0
                -99.491078,27.619398,0
                -99.491281,27.618502,0
                -99.491547,27.61729,0
                -99.491666,27.616758,0
                -99.491793,27.616192,0
                -99.491859,27.615899,0
                -99.491965,27.615494,0
                -99.491978,27.615447,0
                -99.492245,27.614436,0
                -99.492265,27.614364,0
                -99.492059,27.614441,0
                -99.491916,27.614495,0
                -99.491601,27.614619,0
                -99.492204,27.611811,0
                -99.492253,27.611581,0
                -99.49246,27.610626,0
                -99.493047,27.607927,0
                -99.493122,27.607645,0
                -99.493229,27.60767,0
                -99.493281,27.607682,0
                -99.493552,27.607746,0
                -99.49366,27.607772,0
                -99.493752,27.607792,0
                -99.49403,27.607854,0
                -99.494123,27.607875,0
                -99.494348,27.607111,0
                -99.494387,27.606978,0
                -99.494431,27.606831,0
                -99.494435,27.606813,0
                -99.494713,27.605845,0
                -99.495005,27.604861,0
                -99.495331,27.603807,0
                -99.495384,27.603633,0
                -99.495459,27.603393,0
                -99.495581,27.602965,0
                -99.495694,27.602571,0
                -99.495776,27.602282,0
                -99.495866,27.601942,0
                -99.49595,27.601573,0
                -99.496011,27.601306,0
                -99.496061,27.601018,0
                -99.496086,27.600827,0
                -99.496125,27.600385,0
                -99.49613,27.600133,0
                -99.496118,27.599963,0
                -99.496099,27.599812,0
                -99.496075,27.599624,0
                -99.496044,27.599455,0
                -99.496004,27.599269,0
                -99.495958,27.599084,0
                -99.495904,27.598901,0
                -99.49584,27.598715,0
                -99.495773,27.598542,0
                -99.495769,27.598531,0
                -99.495688,27.598343,0
                -99.495508,27.597974,0
                -99.495397,27.597755,0
                -99.495326,27.597615,0
                -99.495317,27.597597,0
                -99.495109,27.597213,0
                -99.495009,27.597019,0
                -99.494916,27.596823,0
                -99.494764,27.596469,0
                -99.494695,27.596289,0
                -99.494641,27.596126,0
                -99.494591,27.595974,0
                -99.494546,27.595814,0
                -99.494508,27.595654,0
                -99.494476,27.595493,0
                -99.49445,27.595332,0
                -99.494416,27.595024,0
                -99.494399,27.594731,0
                -99.494402,27.594437,0
                -99.494426,27.594147,0
                -99.494466,27.593867,0
                -99.494475,27.593813,0
                -99.494406,27.593802,0
                -99.494112,27.593753,0
                -99.494186,27.593462,0
                -99.494192,27.593439,0
                -99.494235,27.593281,0
                -99.494264,27.593177,0
                -99.4943,27.593062,0
                -99.494339,27.592959,0
                -99.494427,27.592755,0
                -99.494516,27.592572,0
                -99.494603,27.592408,0
                -99.494696,27.592246,0
                -99.494832,27.592037,0
                -99.494942,27.591869,0
                -99.495178,27.591535,0
                -99.495213,27.591478,0
                -99.495404,27.591217,0
                -99.495733,27.590754,0
                -99.49585,27.590591,0
                -99.496053,27.590315,0
                -99.496114,27.590219,0
                -99.496175,27.590107,0
                -99.496256,27.589935,0
                -99.496431,27.589715,0
                -99.496768,27.589233,0
                -99.496963,27.588608,0
                -99.497325,27.587446,0
                -99.497462,27.587068,0
                -99.497285,27.587002,0
                -99.497023,27.586842,0
                -99.49693,27.586778,0
                -99.496612,27.586574,0
                -99.496357,27.586457,0
                -99.496115,27.586377,0
                -99.495883,27.586336,0
                -99.495724,27.586328,0
                -99.495443,27.586333,0
                -99.495037,27.58637,0
                -99.4949,27.586383,0
                -99.494672,27.586379,0
                -99.494264,27.586324,0
                -99.493419,27.586086,0
                -99.493261,27.586034,0
                -99.493001,27.585964,0
                -99.492766,27.585922,0
                -99.492525,27.585932,0
                -99.492191,27.586003,0
                -99.491909,27.586073,0
                -99.491766,27.586109,0
                -99.491697,27.586131,0
                -99.491652,27.586146,0
                -99.491532,27.586199,0
                -99.4914,27.586265,0
                -99.491337,27.586298,0
                -99.491261,27.586348,0
                -99.491138,27.586434,0
                -99.490667,27.58685,0
                -99.489954,27.586141,0
                -99.489282,27.586539,0
                -99.489125,27.586604,0
                -99.48871,27.586778,0
                -99.488344,27.586919,0
                -99.487824,27.585862,0
                -99.487661,27.585519,0
                -99.487587,27.58534,0
                -99.487522,27.585195,0
                -99.487218,27.585285,0
                -99.487123,27.585316,0
                -99.486839,27.585413,0
                -99.486745,27.585445,0
                -99.486562,27.585506,0
                -99.486228,27.585619,0
                -99.486014,27.585686,0
                -99.485831,27.585744,0
                -99.48572,27.585786,0
                -99.485673,27.585801,0
                -99.485444,27.58588,0
                -99.485195,27.585959,0
                -99.485062,27.586002,0
                -99.485034,27.586002,0
                -99.484984,27.585986,0
                -99.484953,27.585964,0
                -99.484918,27.585917,0
                -99.484907,27.58588,0
                -99.48488,27.585789,0
                -99.484844,27.585714,0
                -99.484787,27.585613,0
                -99.484642,27.585386,0
                -99.484542,27.585228,0
                -99.484514,27.585184,0
                -99.484496,27.585156,0
                -99.484435,27.585053,0
                -99.484409,27.585009,0
                -99.484327,27.584878,0
                -99.484082,27.584488,0
                -99.484001,27.584358,0
                -99.48392,27.584229,0
                -99.483804,27.584043,0
                -99.483674,27.583845,0
                -99.483591,27.583718,0
                -99.483528,27.583661,0
                -99.483435,27.583576,0
                -99.483328,27.583507,0
                -99.483258,27.583462,0
                -99.483065,27.583616,0
                -99.482953,27.583692,0
                -99.482832,27.583766,0
                -99.482526,27.583928,0
                -99.482419,27.58398,0
                -99.482198,27.58409,0
                -99.48213,27.58413,0
                -99.48205,27.584173,0
                -99.481817,27.5843,0
                -99.481644,27.584393,0
                -99.481603,27.584418,0
                -99.481495,27.584489,0
                -99.481465,27.584516,0
                -99.481347,27.584615,0
                -99.481086,27.584838,0
                -99.480997,27.584919,0
                -99.480884,27.585024,0
                -99.480778,27.585126,0
                -99.48046,27.585434,0
                -99.480355,27.585537,0
                -99.480321,27.585573,0
                -99.480233,27.585643,0
                -99.479853,27.585946,0
                -99.479838,27.585959,0
                -99.47972,27.586037,0
                -99.479577,27.586113,0
                -99.479564,27.586119,0
                -99.479374,27.58621,0
                -99.479168,27.586301,0
                -99.479081,27.586334,0
                -99.478918,27.586399,0
                -99.478831,27.586422,0
                -99.478574,27.586493,0
                -99.478488,27.586517,0
                -99.478431,27.586532,0
                -99.478416,27.586535,0
                -99.478201,27.586589,0
                -99.47813,27.586608,0
                -99.477826,27.586708,0
                -99.476915,27.58701,0
                -99.476612,27.587111,0
                -99.476576,27.587042,0
                -99.476458,27.586796,0
                -99.476004,27.585849,0
                -99.475853,27.585534,0
                -99.475802,27.585427,0
                -99.475655,27.585105,0
                -99.475606,27.584998,0
                -99.475451,27.584787,0
                -99.475396,27.584711,0
                -99.475326,27.584631,0
                -99.475254,27.584561,0
                -99.474984,27.584337,0
                -99.474877,27.584261,0
                -99.474665,27.58411,0
                -99.474327,27.583873,0
                -99.4742,27.583779,0
                -99.47419,27.583771,0
                -99.47398,27.583593,0
                -99.473884,27.583503,0
                -99.47372,27.583335,0
                -99.473587,27.583178,0
                -99.473536,27.5831,0
                -99.473491,27.583019,0
                -99.473305,27.582646,0
                -99.47321,27.582435,0
                -99.473184,27.582372,0
                -99.473122,27.582222,0
                -99.472935,27.581846,0
                -99.472846,27.581651,0
                -99.472799,27.581572,0
                -99.472757,27.581491,0
                -99.472704,27.581367,0
                -99.472642,27.581161,0
                -99.472625,27.581077,0
                -99.472603,27.580908,0
                -99.472636,27.580427,0
                -99.47275,27.579874,0
                -99.472781,27.579695,0
                -99.472816,27.579495,0
                -99.472885,27.579163,0
                -99.472923,27.578987,0
                -99.472967,27.578756,0
                -99.473103,27.578066,0
                -99.473149,27.577837,0
                -99.473279,27.577082,0
                -99.473468,27.575991,0
                -99.473536,27.575663,0
                -99.473554,27.575553,0
                -99.473564,27.575442,0
                -99.473566,27.575333,0
                -99.473561,27.575224,0
                -99.473532,27.575063,0
                -99.473511,27.574984,0
                -99.473477,27.574889,0
                -99.47345,27.574827,0
                -99.473436,27.574795,0
                -99.473081,27.574157,0
                -99.472856,27.574248,0
                -99.472184,27.574522,0
                -99.47196,27.574614,0
                -99.471918,27.574631,0
                -99.471784,27.574681,0
                -99.471372,27.574833,0
                -99.469695,27.575457,0
                -99.469609,27.575487,0
                -99.469018,27.575696,0
                -99.468177,27.576009,0
                -99.465657,27.576949,0
                -99.465046,27.577178,0
                -99.464814,27.577253,0
                -99.463933,27.577572,0
                -99.463917,27.577578,0
                -99.463114,27.57785,0
                -99.462779,27.577965,0
                -99.46166,27.578328,0
                -99.461262,27.578447,0
                -99.46114,27.578484,0
                -99.460376,27.578749,0
                -99.460363,27.578753,0
                -99.460324,27.578766,0
                -99.460312,27.578771,0
                -99.460133,27.578833,0
                -99.460084,27.578849,0
                -99.459738,27.578967,0
                -99.458015,27.579553,0
                -99.457609,27.579692,0
                -99.457443,27.579753,0
                -99.456597,27.580063,0
                -99.456518,27.580093,0
                -99.454744,27.580757,0
                -99.454192,27.580964,0
                -99.454067,27.58101,0
                -99.453686,27.581154,0
                -99.453224,27.581327,0
                -99.452851,27.581466,0
                -99.451735,27.581884,0
                -99.451709,27.581894,0
                -99.45136,27.582014,0
                -99.450096,27.582511,0
                -99.44914,27.582835,0
                -99.448982,27.58289,0
                -99.448428,27.583087,0
                -99.447797,27.583322,0
                -99.447356,27.583492,0
                -99.445021,27.584394,0
                -99.444076,27.584744,0
                -99.444035,27.58476,0
                -99.443522,27.584952,0
                -99.442495,27.585338,0
                -99.442391,27.585377,0
                -99.44028,27.586173,0
                -99.439725,27.586387,0
                -99.439506,27.586472,0
                -99.438904,27.586691,0
                -99.438055,27.587011,0
                -99.4375,27.587222,0
                -99.438095,27.588454,0
                -99.439203,27.590746,0
                -99.439262,27.590868,0
                -99.436607,27.591872,0
                -99.436475,27.591924,0
                -99.434833,27.592543,0
                -99.434768,27.592409,0
                -99.434571,27.592005,0
                -99.434106,27.59105,0
                -99.433955,27.590757,0
                -99.433873,27.590788,0
                -99.433784,27.590821,0
                -99.433106,27.591078,0
                -99.432245,27.58925,0
                -99.432197,27.589149,0
                -99.432104,27.58908,0
                -99.428863,27.593027,0
                -99.428519,27.593428,0
                -99.427988,27.593768,0
                -99.428221,27.593998,0
                -99.428085,27.59408,0
                -99.428342,27.594361,0
                -99.428472,27.594485,0
                -99.428753,27.594729,0
                -99.428831,27.594806,0
                -99.428896,27.594893,0
                -99.428933,27.594963,0
                -99.428971,27.595069,0
                -99.42913,27.595081,0
                -99.429273,27.595111,0
                -99.429335,27.595141,0
                -99.4294,27.595204,0
                -99.429587,27.595376,0
                -99.429816,27.595595,0
                -99.430266,27.596038,0
                -99.430118,27.600708,0
                -99.434647,27.602617,0
                -99.438061,27.601505,0
                -99.438327,27.602059,0
                -99.43734,27.602258,0
                -99.439224,27.606711,0
                -99.442264,27.605676,0
                -99.442519,27.605584,0
                -99.442598,27.605555,0
                -99.443241,27.606957,0
                -99.444342,27.606568,0
                -99.444561,27.607017,0
                -99.445743,27.609438,0
                -99.448065,27.608599,0
                -99.448618,27.6084,0
                -99.448836,27.608321,0
                -99.448851,27.608358,0
                -99.44902,27.608783,0
                -99.449137,27.609074,0
                -99.448506,27.60931,0
                -99.445164,27.610557,0
                -99.447542,27.615479,0
                -99.454028,27.628897,0
              </coordinates>
            </LinearRing>
          </outerBoundaryIs>
          <innerBoundaryIs>
            <LinearRing>
              <tessellate>1</tessellate>
              <coordinates>
                -99.448198,27.678004,0
                -99.448275,27.677975,0
                -99.448243,27.677908,0
                -99.4477,27.676769,0
                -99.446334,27.677317,0
                -99.446553,27.677753,0
                -99.446746,27.678095,0
                -99.446841,27.678308,0
                -99.446886,27.678411,0
                -99.446963,27.678414,0
                -99.44701,27.678394,0
                -99.447054,27.678423,0
                -99.448198,27.678004,0
              </coordinates>
            </LinearRing>
          </innerBoundaryIs>
        </Polygon>
      </Placemark>
      <Placemark>
        <name>District 7</name>
        <description><![CDATA[description: <br>ID: 13<br>AREA: 35.3941<br>DISTRICT: 7<br>MEMBERS: 1<br>LOCKED: <br>NAME: <br>POPULATION: 31171<br>HISPANIC_O: 29518<br>BLACK: 117<br>H18_POP: 20646<br>F18_POP: 21814<br>F18_BLK: 72<br>DEVIATION: -730<br>F_DEVIATIO: -0.022883<br>F_HISPANIC: 0.94697<br>F_BLACK: 0.003753<br>F_H18_POP: 0.662346<br>F_18_POP: 0.699817<br>F_18_BLK: 0.00231<br>IDEAL_VALU: 31901<br>DISTRICT_L: 7|-2.29%]]></description>
        <styleUrl>#poly-FF00FF-3000-54</styleUrl>
        <ExtendedData>
          <Data name="description">
            <value/>
          </Data>
          <Data name="ID">
            <value>13</value>
          </Data>
          <Data name="AREA">
            <value>35.3941</value>
          </Data>
          <Data name="DISTRICT">
            <value>7</value>
          </Data>
          <Data name="MEMBERS">
            <value>1</value>
          </Data>
          <Data name="LOCKED">
            <value/>
          </Data>
          <Data name="NAME">
            <value/>
          </Data>
          <Data name="POPULATION">
            <value>31171</value>
          </Data>
          <Data name="HISPANIC_O">
            <value>29518</value>
          </Data>
          <Data name="BLACK">
            <value>117</value>
          </Data>
          <Data name="H18_POP">
            <value>20646</value>
          </Data>
          <Data name="F18_POP">
            <value>21814</value>
          </Data>
          <Data name="F18_BLK">
            <value>72</value>
          </Data>
          <Data name="DEVIATION">
            <value>-730</value>
          </Data>
          <Data name="F_DEVIATIO">
            <value>-0.022883</value>
          </Data>
          <Data name="F_HISPANIC">
            <value>0.94697</value>
          </Data>
          <Data name="F_BLACK">
            <value>0.003753</value>
          </Data>
          <Data name="F_H18_POP">
            <value>0.662346</value>
          </Data>
          <Data name="F_18_POP">
            <value>0.699817</value>
          </Data>
          <Data name="F_18_BLK">
            <value>0.00231</value>
          </Data>
          <Data name="IDEAL_VALU">
            <value>31901</value>
          </Data>
          <Data name="DISTRICT_L">
            <value>7|-2.29%</value>
          </Data>
        </ExtendedData>
        <Polygon>
          <outerBoundaryIs>
            <LinearRing>
              <tessellate>1</tessellate>
              <coordinates>
                -99.525699,27.62601,0
                -99.525873,27.62753,0
                -99.526105,27.628848,0
                -99.526472,27.629789,0
                -99.52696,27.630845,0
                -99.527964,27.632854,0
                -99.528872,27.634539,0
                -99.529546,27.635714,0
                -99.530059,27.636668,0
                -99.530169,27.636857,0
                -99.531408,27.63896,0
                -99.532383,27.640174,0
                -99.533006,27.640761,0
                -99.533626,27.641002,0
                -99.534428,27.641199,0
                -99.53491,27.641256,0
                -99.53585,27.64131,0
                -99.53656,27.641305,0
                -99.537864,27.641356,0
                -99.539718,27.641403,0
                -99.541163,27.641458,0
                -99.54155,27.641472,0
                -99.542239,27.641486,0
                -99.543475,27.641608,0
                -99.53462,27.644973,0
                -99.527555,27.647657,0
                -99.524488,27.648846,0
                -99.522327,27.649667,0
                -99.518633,27.651088,0
                -99.513989,27.652874,0
                -99.507158,27.655502,0
                -99.506145,27.655886,0
                -99.495507,27.659982,0
                -99.485757,27.663837,0
                -99.483425,27.66477,0
                -99.483116,27.66489,0
                -99.478,27.666891,0
                -99.470556,27.669802,0
                -99.471907,27.665679,0
                -99.472093,27.665374,0
                -99.47234,27.664817,0
                -99.473097,27.663754,0
                -99.474769,27.661796,0
                -99.47509,27.661652,0
                -99.476046,27.660511,0
                -99.477706,27.658516,0
                -99.478598,27.657462,0
                -99.478521,27.657419,0
                -99.478399,27.657367,0
                -99.478273,27.657335,0
                -99.478191,27.657326,0
                -99.478143,27.657339,0
                -99.478093,27.657367,0
                -99.478075,27.657378,0
                -99.477926,27.657518,0
                -99.477846,27.657577,0
                -99.477806,27.657584,0
                -99.477627,27.657528,0
                -99.477552,27.657479,0
                -99.477531,27.657513,0
                -99.477038,27.658139,0
                -99.476824,27.658403,0
                -99.476362,27.658976,0
                -99.475446,27.66005,0
                -99.474504,27.66106,0
                -99.474318,27.661261,0
                -99.473735,27.66195,0
                -99.473175,27.662611,0
                -99.472704,27.663169,0
                -99.472104,27.663974,0
                -99.471858,27.664345,0
                -99.471684,27.664724,0
                -99.471518,27.665087,0
                -99.471343,27.66552,0
                -99.471308,27.665605,0
                -99.471041,27.666428,0
                -99.47014,27.669335,0
                -99.47008,27.66953,0
                -99.469472,27.672059,0
                -99.469318,27.672583,0
                -99.469131,27.673126,0
                -99.469005,27.673494,0
                -99.468079,27.676467,0
                -99.467469,27.678479,0
                -99.467445,27.678559,0
                -99.466845,27.680667,0
                -99.466725,27.681113,0
                -99.466414,27.681913,0
                -99.466229,27.682391,0
                -99.465882,27.682997,0
                -99.465383,27.683646,0
                -99.464973,27.684129,0
                -99.464842,27.684278,0
                -99.464674,27.684468,0
                -99.464169,27.685039,0
                -99.464002,27.68523,0
                -99.463899,27.685343,0
                -99.463593,27.685682,0
                -99.463555,27.685726,0
                -99.463493,27.685797,0
                -99.463269,27.686052,0
                -99.46278,27.686608,0
                -99.46191,27.687775,0
                -99.461871,27.687828,0
                -99.461806,27.68796,0
                -99.46132,27.688824,0
                -99.46105,27.689303,0
                -99.460876,27.689594,0
                -99.460375,27.690451,0
                -99.460198,27.690829,0
                -99.459826,27.691602,0
                -99.459395,27.692336,0
                -99.45913,27.692767,0
                -99.458874,27.693221,0
                -99.458568,27.693732,0
                -99.458362,27.694093,0
                -99.45818,27.694401,0
                -99.457994,27.694719,0
                -99.457809,27.695022,0
                -99.457687,27.695253,0
                -99.457544,27.695509,0
                -99.457465,27.695674,0
                -99.457402,27.695849,0
                -99.457206,27.69657,0
                -99.457175,27.696708,0
                -99.457136,27.696878,0
                -99.457028,27.697359,0
                -99.45702,27.697389,0
                -99.456981,27.697559,0
                -99.457339,27.697432,0
                -99.45691,27.698979,0
                -99.456854,27.699182,0
                -99.45755,27.698922,0
                -99.458026,27.698742,0
                -99.459722,27.698104,0
                -99.460248,27.697906,0
                -99.466108,27.6957,0
                -99.468893,27.694651,0
                -99.471535,27.693657,0
                -99.472284,27.693375,0
                -99.47389,27.69277,0
                -99.476223,27.691892,0
                -99.476412,27.691821,0
                -99.478593,27.691006,0
                -99.479254,27.690754,0
                -99.47922,27.690997,0
                -99.4792,27.691134,0
                -99.478906,27.6932,0
                -99.477151,27.693857,0
                -99.47652,27.69252,0
                -99.476496,27.692471,0
                -99.476305,27.692064,0
                -99.476217,27.692096,0
                -99.475553,27.692345,0
                -99.47525,27.692398,0
                -99.47512,27.692447,0
                -99.474995,27.692494,0
                -99.474742,27.692589,0
                -99.47411,27.692825,0
                -99.473855,27.69298,0
                -99.473718,27.693031,0
                -99.47349,27.693118,0
                -99.473279,27.693196,0
                -99.472943,27.693321,0
                -99.47264,27.693375,0
                -99.472468,27.693439,0
                -99.471833,27.693677,0
                -99.471301,27.693876,0
                -99.471033,27.693976,0
                -99.469009,27.694734,0
                -99.468833,27.6948,0
                -99.466756,27.695576,0
                -99.466463,27.695686,0
                -99.466219,27.695777,0
                -99.465549,27.696028,0
                -99.465453,27.696064,0
                -99.464845,27.696291,0
                -99.464719,27.696338,0
                -99.464201,27.696532,0
                -99.463929,27.696634,0
                -99.463858,27.696661,0
                -99.46306,27.696959,0
                -99.46297,27.696993,0
                -99.462179,27.697289,0
                -99.462043,27.69734,0
                -99.461259,27.697633,0
                -99.461194,27.697657,0
                -99.460521,27.697909,0
                -99.460452,27.697935,0
                -99.460339,27.698003,0
                -99.460197,27.69809,0
                -99.459769,27.69825,0
                -99.459609,27.69831,0
                -99.45895,27.698556,0
                -99.458797,27.698613,0
                -99.458068,27.698886,0
                -99.457956,27.698928,0
                -99.457333,27.699161,0
                -99.45703,27.699274,0
                -99.456894,27.699325,0
                -99.456846,27.699343,0
                -99.456807,27.699352,0
                -99.456781,27.699445,0
                -99.45671,27.699652,0
                -99.456616,27.699925,0
                -99.456535,27.700303,0
                -99.45646,27.700681,0
                -99.456509,27.700986,0
                -99.45639,27.701243,0
                -99.456265,27.701497,0
                -99.456134,27.701749,0
                -99.455997,27.701999,0
                -99.455853,27.702246,0
                -99.455704,27.70249,0
                -99.455549,27.702731,0
                -99.455389,27.702969,0
                -99.455222,27.703204,0
                -99.455071,27.703399,0
                -99.454591,27.704019,0
                -99.454453,27.704204,0
                -99.454321,27.704391,0
                -99.454195,27.704583,0
                -99.454076,27.704777,0
                -99.453963,27.704975,0
                -99.453858,27.705175,0
                -99.453759,27.705378,0
                -99.453666,27.705584,0
                -99.453581,27.705792,0
                -99.453503,27.706002,0
                -99.452013,27.710212,0
                -99.451773,27.710434,0
                -99.4496,27.716577,0
                -99.449522,27.716803,0
                -99.44945,27.717031,0
                -99.449382,27.71726,0
                -99.44932,27.717491,0
                -99.449263,27.717722,0
                -99.448295,27.721836,0
                -99.448376,27.72211,0
                -99.454905,27.719907,0
                -99.468604,27.715284,0
                -99.468958,27.71516,0
                -99.46931,27.715031,0
                -99.469659,27.714895,0
                -99.470004,27.714753,0
                -99.470346,27.714604,0
                -99.470685,27.71445,0
                -99.47102,27.714289,0
                -99.471351,27.714123,0
                -99.471679,27.71395,0
                -99.472002,27.713772,0
                -99.472322,27.713588,0
                -99.472637,27.713398,0
                -99.472948,27.713203,0
                -99.473254,27.713002,0
                -99.473556,27.712796,0
                -99.473853,27.712584,0
                -99.474145,27.712367,0
                -99.474432,27.712145,0
                -99.474714,27.711917,0
                -99.474991,27.711685,0
                -99.475263,27.711448,0
                -99.475529,27.711206,0
                -99.475789,27.710959,0
                -99.476044,27.710707,0
                -99.476293,27.710451,0
                -99.476489,27.710242,0
                -99.476536,27.710191,0
                -99.476774,27.709926,0
                -99.477005,27.709657,0
                -99.47723,27.709384,0
                -99.477449,27.709107,0
                -99.477661,27.708826,0
                -99.477867,27.708541,0
                -99.478067,27.708253,0
                -99.482083,27.702335,0
                -99.486018,27.696534,0
                -99.492106,27.68756,0
                -99.493531,27.685459,0
                -99.493591,27.685369,0
                -99.503957,27.681309,0
                -99.504442,27.681118,0
                -99.505629,27.680653,0
                -99.50835,27.679644,0
                -99.509486,27.679217,0
                -99.520637,27.675096,0
                -99.538611,27.668414,0
                -99.541266,27.667428,0
                -99.544136,27.666363,0
                -99.544569,27.666264,0
                -99.566135,27.658049,0
                -99.565949,27.657883,0
                -99.565561,27.657534,0
                -99.565505,27.657503,0
                -99.565484,27.657483,0
                -99.565457,27.65744,0
                -99.565438,27.657409,0
                -99.565343,27.657309,0
                -99.565299,27.657262,0
                -99.56517,27.65712,0
                -99.5651,27.657053,0
                -99.564819,27.656839,0
                -99.565746,27.657062,0
                -99.571257,27.658404,0
                -99.574425,27.659179,0
                -99.577979,27.660341,0
                -99.580111,27.661069,0
                -99.58167,27.661612,0
                -99.582489,27.661745,0
                -99.583635,27.662732,0
                -99.584035,27.663002,0
                -99.584763,27.663352,0
                -99.585345,27.663531,0
                -99.585917,27.663638,0
                -99.586725,27.663682,0
                -99.588371,27.663684,0
                -99.589092,27.663548,0
                -99.589712,27.66356,0
                -99.590272,27.663574,0
                -99.591381,27.663568,0
                -99.591742,27.663551,0
                -99.591895,27.663536,0
                -99.592199,27.663492,0
                -99.592334,27.663461,0
                -99.592468,27.663424,0
                -99.592993,27.663253,0
                -99.59338,27.66312,0
                -99.593969,27.662904,0
                -99.594631,27.66265,0
                -99.595849,27.662196,0
                -99.596171,27.66207,0
                -99.596772,27.661842,0
                -99.597138,27.661679,0
                -99.598874,27.660984,0
                -99.599894,27.660585,0
                -99.600969,27.660145,0
                -99.60142,27.659974,0
                -99.601646,27.659869,0
                -99.602258,27.659554,0
                -99.602361,27.659496,0
                -99.602512,27.6594,0
                -99.603255,27.658853,0
                -99.603313,27.658802,0
                -99.603352,27.658768,0
                -99.603415,27.658705,0
                -99.603303,27.657987,0
                -99.603221,27.657454,0
                -99.606477,27.656258,0
                -99.606931,27.656097,0
                -99.608404,27.655737,0
                -99.60898,27.655662,0
                -99.609051,27.655648,0
                -99.609275,27.655618,0
                -99.610086,27.655556,0
                -99.610093,27.655579,0
                -99.610102,27.655597,0
                -99.610127,27.655651,0
                -99.610133,27.655664,0
                -99.61112,27.657792,0
                -99.612065,27.657445,0
                -99.611215,27.655613,0
                -99.611152,27.655473,0
                -99.614375,27.655209,0
                -99.614743,27.65518,0
                -99.616746,27.655022,0
                -99.617078,27.655741,0
                -99.617984,27.655405,0
                -99.617766,27.654929,0
                -99.618696,27.654776,0
                -99.620427,27.654363,0
                -99.623318,27.653622,0
                -99.625017,27.653252,0
                -99.626675,27.653137,0
                -99.627652,27.653071,0
                -99.627693,27.653072,0
                -99.628824,27.653095,0
                -99.629788,27.653112,0
                -99.630787,27.653249,0
                -99.630849,27.653274,0
                -99.633279,27.654244,0
                -99.634968,27.655006,0
                -99.636887,27.656351,0
                -99.637293,27.656629,0
                -99.637378,27.656689,0
                -99.628122,27.66017,0
                -99.629597,27.66328,0
                -99.633962,27.661637,0
                -99.632607,27.658782,0
                -99.63264,27.65871,0
                -99.635841,27.657506,0
                -99.635922,27.657535,0
                -99.636199,27.658118,0
                -99.637431,27.657655,0
                -99.638295,27.657332,0
                -99.639575,27.658216,0
                -99.641876,27.659928,0
                -99.643915,27.66125,0
                -99.645175,27.661893,0
                -99.64566,27.662141,0
                -99.649349,27.663856,0
                -99.65213,27.665145,0
                -99.653877,27.665998,0
                -99.657281,27.667669,0
                -99.661318,27.669697,0
                -99.664781,27.671428,0
                -99.665258,27.671675,0
                -99.667932,27.673379,0
                -99.669562,27.674445,0
                -99.670184,27.674845,0
                -99.675414,27.677221,0
                -99.67538,27.677282,0
                -99.675275,27.677389,0
                -99.675166,27.677493,0
                -99.675054,27.677591,0
                -99.674937,27.677685,0
                -99.674693,27.677859,0
                -99.674566,27.677939,0
                -99.672885,27.678592,0
                -99.671241,27.679229,0
                -99.672207,27.681203,0
                -99.672228,27.681246,0
                -99.672341,27.681202,0
                -99.678068,27.678979,0
                -99.678645,27.678752,0
                -99.678715,27.678716,0
                -99.68023,27.679408,0
                -99.680159,27.679531,0
                -99.680128,27.679558,0
                -99.68007,27.679606,0
                -99.679977,27.679677,0
                -99.679881,27.679743,0
                -99.679781,27.679803,0
                -99.679573,27.679907,0
                -99.679465,27.679951,0
                -99.671045,27.683127,0
                -99.671612,27.684317,0
                -99.671685,27.68429,0
                -99.671906,27.684212,0
                -99.67256,27.683964,0
                -99.673193,27.683708,0
                -99.673516,27.683584,0
                -99.673537,27.683576,0
                -99.673961,27.683408,0
                -99.674274,27.684057,0
                -99.674409,27.68434,0
                -99.674423,27.684369,0
                -99.674468,27.684465,0
                -99.674271,27.68454,0
                -99.673561,27.684807,0
                -99.673815,27.68534,0
                -99.674068,27.685871,0
                -99.674321,27.686403,0
                -99.674639,27.687071,0
                -99.674653,27.687099,0
                -99.674571,27.687163,0
                -99.674446,27.687271,0
                -99.674325,27.687384,0
                -99.674208,27.687503,0
                -99.674097,27.687626,0
                -99.673992,27.687753,0
                -99.673891,27.687885,0
                -99.673797,27.688021,0
                -99.673708,27.688161,0
                -99.672326,27.690522,0
                -99.66986,27.689377,0
                -99.667355,27.685864,0
                -99.66432,27.687004,0
                -99.663511,27.687305,0
                -99.662708,27.687609,0
                -99.663166,27.687822,0
                -99.668987,27.690523,0
                -99.67,27.690993,0
                -99.669298,27.692191,0
                -99.670871,27.692921,0
                -99.67089,27.692972,0
                -99.671219,27.693125,0
                -99.67194,27.691894,0
                -99.674037,27.688314,0
                -99.674117,27.688187,0
                -99.674203,27.688063,0
                -99.674294,27.687943,0
                -99.67439,27.687827,0
                -99.674491,27.687716,0
                -99.674597,27.687608,0
                -99.674707,27.687505,0
                -99.674821,27.687407,0
                -99.674939,27.687314,0
                -99.675062,27.687226,0
                -99.675187,27.687144,0
                -99.675317,27.687066,0
                -99.675449,27.686994,0
                -99.675584,27.686928,0
                -99.675722,27.686868,0
                -99.675862,27.686814,0
                -99.675923,27.686836,0
                -99.676122,27.68676,0
                -99.676147,27.686706,0
                -99.676702,27.686497,0
                -99.677203,27.687548,0
                -99.6778,27.687323,0
                -99.678154,27.688067,0
                -99.67823,27.688225,0
                -99.678183,27.688871,0
                -99.67853,27.6889,0
                -99.679416,27.688976,0
                -99.679631,27.688998,0
                -99.681231,27.68916,0
                -99.681018,27.68809,0
                -99.680218,27.68641,0
                -99.679194,27.686797,0
                -99.679062,27.686847,0
                -99.678611,27.685822,0
                -99.678711,27.685784,0
                -99.678736,27.685729,0
                -99.683404,27.683968,0
                -99.683551,27.68391,0
                -99.683696,27.683846,0
                -99.683839,27.683776,0
                -99.683978,27.683701,0
                -99.684115,27.683621,0
                -99.684248,27.683536,0
                -99.684378,27.683445,0
                -99.684505,27.683349,0
                -99.684627,27.683249,0
                -99.684752,27.683138,0
                -99.685948,27.683694,0
                -99.685006,27.684121,0
                -99.68489,27.68438,0
                -99.685298,27.684712,0
                -99.686492,27.685761,0
                -99.686487,27.68577,0
                -99.685058,27.688151,0
                -99.683983,27.687763,0
                -99.68252,27.688777,0
                -99.682252,27.689272,0
                -99.682652,27.690303,0
                -99.682674,27.690852,0
                -99.68211,27.691817,0
                -99.693323,27.695797,0
                -99.694048,27.696121,0
                -99.697261,27.692552,0
                -99.696502,27.692278,0
                -99.697069,27.691627,0
                -99.698442,27.690091,0
                -99.699758,27.688534,0
                -99.70009,27.688682,0
                -99.707094,27.692007,0
                -99.707747,27.692311,0
                -99.708039,27.692454,0
                -99.70928,27.693049,0
                -99.709681,27.693234,0
                -99.71336,27.694974,0
                -99.71446,27.695499,0
                -99.715267,27.695995,0
                -99.715775,27.696314,0
                -99.716943,27.697544,0
                -99.717981,27.698904,0
                -99.719199,27.700526,0
                -99.719573,27.701017,0
                -99.722848,27.705341,0
                -99.723384,27.7061,0
                -99.723321,27.70614,0
                -99.720522,27.707795,0
                -99.716709,27.71004,0
                -99.717854,27.711581,0
                -99.718475,27.712918,0
                -99.72469,27.710645,0
                -99.724784,27.710611,0
                -99.726225,27.710024,0
                -99.726318,27.710131,0
                -99.726861,27.710881,0
                -99.726715,27.710959,0
                -99.726575,27.711026,0
                -99.726437,27.711085,0
                -99.726296,27.711139,0
                -99.726188,27.711176,0
                -99.725724,27.711336,0
                -99.725566,27.711395,0
                -99.724937,27.711631,0
                -99.723868,27.712019,0
                -99.723506,27.712151,0
                -99.722816,27.712403,0
                -99.720541,27.713226,0
                -99.720442,27.713268,0
                -99.719575,27.713583,0
                -99.718342,27.714045,0
                -99.717393,27.714386,0
                -99.717984,27.715659,0
                -99.71327,27.717392,0
                -99.713542,27.717977,0
                -99.713634,27.718185,0
                -99.713721,27.718396,0
                -99.7138,27.718609,0
                -99.713873,27.718824,0
                -99.713939,27.71904,0
                -99.714648,27.721516,0
                -99.714722,27.72176,0
                -99.714804,27.722003,0
                -99.714894,27.722243,0
                -99.714992,27.722481,0
                -99.715096,27.722717,0
                -99.715955,27.724568,0
                -99.716066,27.724528,0
                -99.718351,27.723698,0
                -99.719007,27.723455,0
                -99.720426,27.722914,0
                -99.721715,27.722442,0
                -99.721117,27.721173,0
                -99.721249,27.721125,0
                -99.721183,27.720977,0
                -99.720708,27.719965,0
                -99.720746,27.719941,0
                -99.726745,27.717735,0
                -99.727602,27.717219,0
                -99.7275,27.717084,0
                -99.727612,27.717015,0
                -99.728729,27.716344,0
                -99.727818,27.715146,0
                -99.727747,27.715058,0
                -99.727671,27.714974,0
                -99.72759,27.714893,0
                -99.727504,27.714817,0
                -99.727414,27.714744,0
                -99.727319,27.714676,0
                -99.727221,27.714613,0
                -99.728154,27.713395,0
                -99.728565,27.713163,0
                -99.732525,27.718469,0
                -99.734533,27.72117,0
                -99.735245,27.722299,0
                -99.735749,27.72312,0
                -99.736732,27.724883,0
                -99.738768,27.728485,0
                -99.740116,27.730924,0
                -99.740218,27.73111,0
                -99.740661,27.731911,0
                -99.741226,27.732935,0
                -99.741516,27.733479,0
                -99.7418,27.734013,0
                -99.742818,27.735979,0
                -99.74391,27.738776,0
                -99.744391,27.739913,0
                -99.74541,27.741634,0
                -99.746243,27.742699,0
                -99.748279,27.744402,0
                -99.749392,27.743288,0
                -99.750316,27.742454,0
                -99.750234,27.742405,0
                -99.750309,27.742328,0
                -99.749266,27.741515,0
                -99.748487,27.740763,0
                -99.747817,27.739913,0
                -99.747755,27.73976,0
                -99.746428,27.736472,0
                -99.744991,27.733552,0
                -99.744855,27.733276,0
                -99.742725,27.729469,0
                -99.742153,27.728437,0
                -99.741672,27.727571,0
                -99.741355,27.727004,0
                -99.741018,27.726391,0
                -99.739668,27.723941,0
                -99.738192,27.721291,0
                -99.737211,27.719789,0
                -99.735386,27.717263,0
                -99.735758,27.717128,0
                -99.745301,27.713665,0
                -99.744522,27.7121,0
                -99.744856,27.711968,0
                -99.745336,27.711779,0
                -99.745591,27.711679,0
                -99.745017,27.710526,0
                -99.744337,27.709159,0
                -99.743736,27.707949,0
                -99.743455,27.708073,0
                -99.74032,27.709825,0
                -99.738811,27.70781,0
                -99.739929,27.707041,0
                -99.741305,27.709029,0
                -99.743314,27.707926,0
                -99.744537,27.707256,0
                -99.74366,27.705989,0
                -99.744183,27.705701,0
                -99.746734,27.704302,0
                -99.748471,27.703347,0
                -99.748369,27.703162,0
                -99.748233,27.703013,0
                -99.747912,27.7027,0
                -99.747229,27.701852,0
                -99.746973,27.701605,0
                -99.746807,27.701442,0
                -99.746402,27.701115,0
                -99.746173,27.700868,0
                -99.74608,27.700785,0
                -99.746,27.700697,0
                -99.745784,27.700527,0
                -99.745612,27.700283,0
                -99.745444,27.700128,0
                -99.745352,27.700034,0
                -99.745218,27.699905,0
                -99.744429,27.699143,0
                -99.741856,27.696695,0
                -99.737077,27.699682,0
                -99.735445,27.700701,0
                -99.73071,27.703661,0
                -99.728423,27.705091,0
                -99.727721,27.70553,0
                -99.726965,27.705998,0
                -99.725559,27.70408,0
                -99.725092,27.703452,0
                -99.723674,27.701546,0
                -99.720838,27.697647,0
                -99.718914,27.695199,0
                -99.718702,27.695029,0
                -99.718137,27.694578,0
                -99.717106,27.693754,0
                -99.71705,27.693721,0
                -99.715868,27.693033,0
                -99.712778,27.691645,0
                -99.71255,27.691536,0
                -99.708182,27.68945,0
                -99.701203,27.686102,0
                -99.69174,27.681647,0
                -99.689211,27.680458,0
                -99.684998,27.67845,0
                -99.683255,27.67763,0
                -99.682025,27.677076,0
                -99.674094,27.673513,0
                -99.671771,27.672461,0
                -99.67137,27.6722,0
                -99.6714,27.672189,0
                -99.671631,27.6721,0
                -99.671526,27.671884,0
                -99.671291,27.67141,0
                -99.670312,27.670346,0
                -99.669422,27.670696,0
                -99.66935,27.670783,0
                -99.669306,27.670857,0
                -99.668888,27.670586,0
                -99.667772,27.669858,0
                -99.665924,27.6689,0
                -99.659607,27.665726,0
                -99.658344,27.665092,0
                -99.659051,27.663956,0
                -99.659338,27.663705,0
                -99.659416,27.663649,0
                -99.659583,27.663541,0
                -99.659828,27.663453,0
                -99.660096,27.663374,0
                -99.66031,27.663353,0
                -99.660557,27.66338,0
                -99.660881,27.663446,0
                -99.660931,27.663468,0
                -99.660996,27.66349,0
                -99.66106,27.663506,0
                -99.661249,27.663531,0
                -99.661308,27.663534,0
                -99.661661,27.663536,0
                -99.661877,27.66355,0
                -99.662753,27.663617,0
                -99.662976,27.663626,0
                -99.663173,27.663624,0
                -99.663478,27.663622,0
                -99.663569,27.66362,0
                -99.66353,27.663546,0
                -99.663904,27.663391,0
                -99.664011,27.663313,0
                -99.664304,27.663644,0
                -99.664749,27.664157,0
                -99.665246,27.664526,0
                -99.665699,27.664284,0
                -99.666142,27.664041,0
                -99.666301,27.663858,0
                -99.666369,27.663189,0
                -99.666733,27.663081,0
                -99.666945,27.663862,0
                -99.667396,27.663897,0
                -99.670076,27.664792,0
                -99.671238,27.665126,0
                -99.67155,27.665152,0
                -99.671624,27.665037,0
                -99.6715,27.664541,0
                -99.671528,27.664092,0
                -99.671419,27.663881,0
                -99.671386,27.663816,0
                -99.671566,27.663824,0
                -99.672052,27.663843,0
                -99.674026,27.663909,0
                -99.67499,27.663863,0
                -99.676007,27.664618,0
                -99.676674,27.664804,0
                -99.678347,27.664771,0
                -99.681054,27.665149,0
                -99.686204,27.663196,0
                -99.684923,27.662787,0
                -99.684267,27.662572,0
                -99.682363,27.662092,0
                -99.680511,27.661448,0
                -99.678864,27.660841,0
                -99.677695,27.66086,0
                -99.675887,27.65972,0
                -99.67551,27.659927,0
                -99.675398,27.659971,0
                -99.675343,27.659971,0
                -99.674959,27.660037,0
                -99.674879,27.660053,0
                -99.674583,27.660114,0
                -99.674422,27.660158,0
                -99.674057,27.66029,0
                -99.673705,27.660373,0
                -99.673353,27.660428,0
                -99.673192,27.660433,0
                -99.673118,27.660411,0
                -99.673062,27.660417,0
                -99.672976,27.660477,0
                -99.67258,27.660549,0
                -99.672444,27.660582,0
                -99.671727,27.660703,0
                -99.67156,27.660741,0
                -99.671307,27.660763,0
                -99.671159,27.660763,0
                -99.670954,27.660741,0
                -99.670256,27.660637,0
                -99.669854,27.660516,0
                -99.669459,27.660422,0
                -99.669354,27.660378,0
                -99.669243,27.660356,0
                -99.668742,27.660224,0
                -99.668588,27.660174,0
                -99.668217,27.659993,0
                -99.668044,27.659926,0
                -99.667753,27.659778,0
                -99.667562,27.659712,0
                -99.66745,27.659662,0
                -99.667327,27.659602,0
                -99.66695,27.659448,0
                -99.66687,27.659404,0
                -99.666431,27.65926,0
                -99.66577,27.659002,0
                -99.665325,27.658803,0
                -99.665281,27.658759,0
                -99.665226,27.65866,0
                -99.665016,27.658622,0
                -99.664898,27.658572,0
                -99.664602,27.65838,0
                -99.66454,27.65833,0
                -99.664466,27.658253,0
                -99.663959,27.657961,0
                -99.663378,27.657581,0
                -99.663316,27.657515,0
                -99.662927,27.657224,0
                -99.66255,27.656921,0
                -99.662117,27.656546,0
                -99.661681,27.656943,0
                -99.661577,27.657239,0
                -99.661385,27.657356,0
                -99.661225,27.657386,0
                -99.660437,27.656924,0
                -99.660338,27.656866,0
                -99.660197,27.656779,0
                -99.660155,27.656754,0
                -99.659829,27.656563,0
                -99.658596,27.658465,0
                -99.658612,27.658473,0
                -99.659295,27.658824,0
                -99.659311,27.658832,0
                -99.659325,27.658843,0
                -99.660057,27.659421,0
                -99.660071,27.659432,0
                -99.660069,27.659448,0
                -99.659826,27.661167,0
                -99.659829,27.661184,0
                -99.660021,27.662562,0
                -99.660062,27.662855,0
                -99.660002,27.662892,0
                -99.659894,27.663018,0
                -99.659796,27.663141,0
                -99.659681,27.663294,0
                -99.659463,27.663398,0
                -99.659154,27.663573,0
                -99.659005,27.663717,0
                -99.658857,27.663919,0
                -99.658169,27.665004,0
                -99.656565,27.664192,0
                -99.647769,27.660022,0
                -99.646956,27.659634,0
                -99.645265,27.658817,0
                -99.64439,27.658116,0
                -99.641129,27.655703,0
                -99.640673,27.655388,0
                -99.63997,27.654926,0
                -99.63658,27.652587,0
                -99.633494,27.65127,0
                -99.631281,27.650698,0
                -99.629759,27.65041,0
                -99.628665,27.650403,0
                -99.627949,27.650399,0
                -99.627305,27.650376,0
                -99.625373,27.650504,0
                -99.624441,27.650674,0
                -99.623232,27.650897,0
                -99.621924,27.651221,0
                -99.621124,27.65137,0
                -99.620695,27.65145,0
                -99.620294,27.650216,0
                -99.619437,27.650537,0
                -99.619787,27.65162,0
                -99.61934,27.651704,0
                -99.619177,27.651735,0
                -99.618728,27.651826,0
                -99.617932,27.65199,0
                -99.616662,27.652249,0
                -99.614796,27.652415,0
                -99.611321,27.652698,0
                -99.609207,27.652863,0
                -99.608541,27.652957,0
                -99.60776,27.653069,0
                -99.607616,27.653105,0
                -99.607186,27.653213,0
                -99.607043,27.65325,0
                -99.606762,27.653313,0
                -99.606418,27.653391,0
                -99.606353,27.653413,0
                -99.606058,27.653493,0
                -99.605927,27.653528,0
                -99.605764,27.653573,0
                -99.60565,27.653602,0
                -99.60434,27.65407,0
                -99.604277,27.653958,0
                -99.604204,27.653843,0
                -99.603015,27.654284,0
                -99.603019,27.654294,0
                -99.603109,27.654519,0
                -99.601875,27.654965,0
                -99.599018,27.655996,0
                -99.598109,27.656341,0
                -99.597222,27.656665,0
                -99.593361,27.658077,0
                -99.591004,27.658937,0
                -99.589654,27.659423,0
                -99.588708,27.659622,0
                -99.587547,27.659586,0
                -99.586327,27.65946,0
                -99.583502,27.659126,0
                -99.582671,27.658925,0
                -99.5821,27.658793,0
                -99.579013,27.657754,0
                -99.576004,27.656751,0
                -99.571206,27.655517,0
                -99.567766,27.654703,0
                -99.565579,27.654126,0
                -99.565558,27.654101,0
                -99.565198,27.653742,0
                -99.565082,27.653623,0
                -99.564971,27.653499,0
                -99.564864,27.65337,0
                -99.564762,27.653238,0
                -99.564665,27.653103,0
                -99.564574,27.652963,0
                -99.564488,27.65282,0
                -99.564407,27.652674,0
                -99.564332,27.652525,0
                -99.564263,27.652373,0
                -99.564199,27.652233,0
                -99.564128,27.652095,0
                -99.564053,27.65196,0
                -99.563971,27.651828,0
                -99.563885,27.6517,0
                -99.563793,27.651575,0
                -99.563697,27.651454,0
                -99.563596,27.651337,0
                -99.56349,27.651225,0
                -99.563379,27.651116,0
                -99.563264,27.651013,0
                -99.563044,27.65082,0
                -99.562971,27.65076,0
                -99.562895,27.650705,0
                -99.562815,27.650654,0
                -99.562733,27.650609,0
                -99.562425,27.650449,0
                -99.570377,27.647476,0
                -99.574655,27.645875,0
                -99.57655,27.645163,0
                -99.582622,27.642901,0
                -99.593744,27.638737,0
                -99.593337,27.637882,0
                -99.592311,27.63573,0
                -99.592289,27.635694,0
                -99.59219,27.635479,0
                -99.592187,27.635469,0
                -99.592117,27.635322,0
                -99.590583,27.635866,0
                -99.585984,27.637498,0
                -99.583879,27.63824,0
                -99.578904,27.640003,0
                -99.578501,27.640144,0
                -99.578089,27.640291,0
                -99.57745,27.640517,0
                -99.576309,27.640922,0
                -99.576056,27.641011,0
                -99.575663,27.641151,0
                -99.575305,27.641277,0
                -99.574342,27.641616,0
                -99.57217,27.642383,0
                -99.57074,27.642882,0
                -99.569825,27.643231,0
                -99.568683,27.643629,0
                -99.567271,27.644123,0
                -99.566721,27.644316,0
                -99.566379,27.643583,0
                -99.565407,27.641502,0
                -99.567403,27.640762,0
                -99.565779,27.637279,0
                -99.563095,27.638305,0
                -99.562248,27.63863,0
                -99.561213,27.639025,0
                -99.560233,27.639409,0
                -99.559671,27.639616,0
                -99.560299,27.640935,0
                -99.555616,27.642803,0
                -99.554783,27.641866,0
                -99.554306,27.64158,0
                -99.553658,27.641192,0
                -99.552489,27.640784,0
                -99.550538,27.640249,0
                -99.548814,27.63971,0
                -99.5485,27.639612,0
                -99.548853,27.639481,0
                -99.555976,27.636766,0
                -99.556122,27.63671,0
                -99.556093,27.636585,0
                -99.555996,27.636168,0
                -99.555941,27.635929,0
                -99.555787,27.635264,0
                -99.555674,27.634779,0
                -99.555334,27.633302,0
                -99.55503,27.631998,0
                -99.555009,27.631901,0
                -99.554916,27.631514,0
                -99.554815,27.631053,0
                -99.554687,27.630521,0
                -99.554711,27.63051,0
                -99.554802,27.630468,0
                -99.555357,27.63044,0
                -99.556522,27.629246,0
                -99.557373,27.627597,0
                -99.557332,27.62702,0
                -99.557172,27.626797,0
                -99.555833,27.627054,0
                -99.55609,27.627569,0
                -99.554091,27.627953,0
                -99.554076,27.627886,0
                -99.554106,27.627723,0
                -99.555379,27.627444,0
                -99.555364,27.627411,0
                -99.555454,27.627401,0
                -99.554933,27.626406,0
                -99.55485,27.626205,0
                -99.554998,27.626063,0
                -99.554581,27.625732,0
                -99.554021,27.6253,0
                -99.553424,27.624082,0
                -99.553305,27.623992,0
                -99.553247,27.623854,0
                -99.553076,27.623442,0
                -99.553071,27.62343,0
                -99.553019,27.623305,0
                -99.552964,27.623162,0
                -99.552676,27.62258,0
                -99.552497,27.622225,0
                -99.552148,27.621512,0
                -99.551646,27.620992,0
                -99.551587,27.620931,0
                -99.551633,27.620818,0
                -99.551752,27.620534,0
                -99.552162,27.619505,0
                -99.552287,27.619191,0
                -99.552555,27.61852,0
                -99.553302,27.616671,0
                -99.554039,27.614825,0
                -99.553931,27.614742,0
                -99.554045,27.614481,0
                -99.554056,27.614455,0
                -99.554088,27.614378,0
                -99.5541,27.614353,0
                -99.554166,27.614281,0
                -99.554218,27.614226,0
                -99.554336,27.614099,0
                -99.554365,27.614066,0
                -99.554384,27.614047,0
                -99.554432,27.613995,0
                -99.553943,27.613562,0
                -99.553211,27.612894,0
                -99.552097,27.612143,0
                -99.551425,27.611643,0
                -99.549442,27.610472,0
                -99.548816,27.610193,0
                -99.548023,27.609747,0
                -99.547336,27.609312,0
                -99.546527,27.608755,0
                -99.545291,27.608095,0
                -99.54462,27.60771,0
                -99.543628,27.607107,0
                -99.542392,27.606325,0
                -99.542349,27.606297,0
                -99.541889,27.606001,0
                -99.541643,27.605773,0
                -99.540897,27.604776,0
                -99.540286,27.603945,0
                -99.539722,27.603281,0
                -99.539417,27.602476,0
                -99.539216,27.602086,0
                -99.538803,27.601205,0
                -99.538552,27.600547,0
                -99.538257,27.599747,0
                -99.538142,27.599447,0
                -99.538138,27.599436,0
                -99.538059,27.599197,0
                -99.537582,27.597931,0
                -99.537414,27.597356,0
                -99.53734,27.597148,0
                -99.537291,27.597008,0
                -99.537128,27.596545,0
                -99.536945,27.596103,0
                -99.536924,27.595967,0
                -99.536869,27.595603,0
                -99.536762,27.594897,0
                -99.536518,27.594024,0
                -99.536136,27.592692,0
                -99.536136,27.592132,0
                -99.536197,27.591682,0
                -99.536014,27.591308,0
                -99.535526,27.590697,0
                -99.535343,27.590362,0
                -99.535144,27.589812,0
                -99.535022,27.589446,0
                -99.534379,27.588079,0
                -99.53429,27.58789,0
                -99.534046,27.587485,0
                -99.533663,27.5866,0
                -99.533296,27.585907,0
                -99.533163,27.585657,0
                -99.532948,27.585251,0
                -99.532931,27.585219,0
                -99.53256,27.584327,0
                -99.532427,27.584006,0
                -99.532049,27.583216,0
                -99.531878,27.582858,0
                -99.531694,27.582566,0
                -99.531496,27.582252,0
                -99.53113,27.581863,0
                -99.530703,27.581409,0
                -99.53052,27.581134,0
                -99.530193,27.580611,0
                -99.530045,27.580222,0
                -99.529711,27.579761,0
                -99.529587,27.579661,0
                -99.52917,27.579325,0
                -99.529024,27.579207,0
                -99.528913,27.579065,0
                -99.528719,27.578815,0
                -99.52852,27.578668,0
                -99.528353,27.578544,0
                -99.528206,27.578471,0
                -99.526995,27.577876,0
                -99.52643,27.577506,0
                -99.52585,27.576982,0
                -99.525724,27.576868,0
                -99.525439,27.57661,0
                -99.52511,27.57642,0
                -99.52495,27.576327,0
                -99.524849,27.576311,0
                -99.524779,27.5763,0
                -99.524264,27.576221,0
                -99.523959,27.576102,0
                -99.523763,27.575989,0
                -99.523453,27.575812,0
                -99.523394,27.575778,0
                -99.522417,27.575069,0
                -99.521731,27.574611,0
                -99.521502,27.574531,0
                -99.521105,27.574393,0
                -99.519381,27.573569,0
                -99.518954,27.573402,0
                -99.517275,27.572791,0
                -99.516405,27.572467,0
                -99.515978,27.572131,0
                -99.515282,27.571441,0
                -99.513619,27.569793,0
                -99.513435,27.569596,0
                -99.513214,27.56936,0
                -99.512884,27.569007,0
                -99.512809,27.568927,0
                -99.512755,27.568869,0
                -99.512701,27.568811,0
                -99.512132,27.568288,0
                -99.511064,27.564595,0
                -99.511049,27.564507,0
                -99.511293,27.564087,0
                -99.511675,27.563454,0
                -99.512367,27.562627,0
                -99.512961,27.560499,0
                -99.513138,27.559771,0
                -99.514016,27.556842,0
                -99.514153,27.556691,0
                -99.514272,27.556553,0
                -99.515246,27.555834,0
                -99.516219,27.555115,0
                -99.516599,27.554833,0
                -99.518819,27.553194,0
                -99.51966,27.550724,0
                -99.519754,27.550448,0
                -99.519849,27.550172,0
                -99.519872,27.550104,0
                -99.519895,27.550035,0
                -99.520276,27.548918,0
                -99.520657,27.547801,0
                -99.520729,27.547589,0
                -99.52116,27.546326,0
                -99.521662,27.54485,0
                -99.521919,27.544094,0
                -99.521919,27.544063,0
                -99.521989,27.541579,0
                -99.522013,27.540751,0
                -99.521944,27.540751,0
                -99.521737,27.540753,0
                -99.521669,27.540754,0
                -99.521569,27.540758,0
                -99.52152,27.540758,0
                -99.521076,27.540763,0
                -99.520928,27.540765,0
                -99.520728,27.540767,0
                -99.520129,27.540777,0
                -99.51993,27.540781,0
                -99.519732,27.540778,0
                -99.519141,27.540769,0
                -99.518944,27.540767,0
                -99.51873,27.540766,0
                -99.518089,27.540765,0
                -99.517876,27.540765,0
                -99.517745,27.540765,0
                -99.517354,27.540766,0
                -99.517224,27.540767,0
                -99.517127,27.540767,0
                -99.516836,27.540767,0
                -99.51674,27.540768,0
                -99.516551,27.540768,0
                -99.515984,27.54077,0
                -99.515796,27.540771,0
                -99.515563,27.540771,0
                -99.514867,27.540774,0
                -99.514635,27.540775,0
                -99.514482,27.540775,0
                -99.514027,27.540778,0
                -99.513875,27.540779,0
                -99.513676,27.540784,0
                -99.513633,27.540785,0
                -99.51314,27.5408,0
                -99.512907,27.540794,0
                -99.512666,27.540789,0
                -99.512484,27.540784,0
                -99.511938,27.540771,0
                -99.511798,27.540768,0
                -99.511756,27.540768,0
                -99.511567,27.540767,0
                -99.511001,27.540766,0
                -99.510813,27.540766,0
                -99.510756,27.540861,0
                -99.50495,27.540855,0
                -99.504428,27.540805,0
                -99.504342,27.540758,0
                -99.50432,27.540807,0
                -99.503306,27.540655,0
                -99.503088,27.540621,0
                -99.502963,27.540602,0
                -99.50277,27.540576,0
                -99.502746,27.541197,0
                -99.502757,27.541901,0
                -99.502767,27.542405,0
                -99.502778,27.542888,0
                -99.502841,27.543372,0
                -99.502904,27.543998,0
                -99.502916,27.544147,0
                -99.502933,27.544277,0
                -99.503034,27.544899,0
                -99.503119,27.545416,0
                -99.503486,27.547113,0
                -99.50349,27.547134,0
                -99.503564,27.547498,0
                -99.503603,27.547885,0
                -99.503365,27.547866,0
                -99.503135,27.547848,0
                -99.500487,27.547461,0
                -99.500397,27.547437,0
                -99.499229,27.547273,0
                -99.498443,27.547153,0
                -99.497775,27.547059,0
                -99.497748,27.547203,0
                -99.497707,27.547356,0
                -99.497687,27.547618,0
                -99.497641,27.547846,0
                -99.497511,27.548505,0
                -99.497497,27.549031,0
                -99.49739,27.549514,0
                -99.497435,27.549792,0
                -99.497331,27.550207,0
                -99.497137,27.550984,0
                -99.496983,27.550963,0
                -99.496521,27.550903,0
                -99.496368,27.550883,0
                -99.496238,27.550865,0
                -99.495848,27.550814,0
                -99.495718,27.550798,0
                -99.495502,27.550756,0
                -99.495214,27.550713,0
                -99.493699,27.550489,0
                -99.493194,27.550415,0
                -99.493168,27.550561,0
                -99.493089,27.551002,0
                -99.493064,27.551149,0
                -99.493032,27.551297,0
                -99.492938,27.551741,0
                -99.492907,27.55189,0
                -99.492881,27.552035,0
                -99.492805,27.552472,0
                -99.49278,27.552618,0
                -99.49258,27.552589,0
                -99.491983,27.552503,0
                -99.491784,27.552475,0
                -99.491579,27.552442,0
                -99.490966,27.552344,0
                -99.490762,27.552312,0
                -99.490744,27.552396,0
                -99.490692,27.552651,0
                -99.490676,27.552736,0
                -99.490524,27.55294,0
                -99.490069,27.553555,0
                -99.489918,27.55376,0
                -99.48994,27.553805,0
                -99.490006,27.553941,0
                -99.490028,27.553987,0
                -99.49022,27.554399,0
                -99.490289,27.554547,0
                -99.490859,27.555606,0
                -99.491075,27.556007,0
                -99.491085,27.55605,0
                -99.491114,27.556103,0
                -99.491142,27.556149,0
                -99.491169,27.556196,0
                -99.491192,27.556244,0
                -99.491219,27.556289,0
                -99.491272,27.556383,0
                -99.491302,27.556435,0
                -99.491334,27.556492,0
                -99.491369,27.556554,0
                -99.491405,27.556618,0
                -99.49144,27.556685,0
                -99.491475,27.556751,0
                -99.49151,27.556818,0
                -99.491548,27.556885,0
                -99.491585,27.55695,0
                -99.491621,27.557015,0
                -99.491657,27.557078,0
                -99.491691,27.557139,0
                -99.491725,27.557203,0
                -99.491759,27.557266,0
                -99.491792,27.557331,0
                -99.491825,27.557394,0
                -99.491878,27.55749,0
                -99.491922,27.557549,0
                -99.491969,27.557603,0
                -99.492021,27.557655,0
                -99.492073,27.557703,0
                -99.492127,27.557746,0
                -99.492183,27.557783,0
                -99.492241,27.557815,0
                -99.492296,27.557841,0
                -99.49235,27.557864,0
                -99.492407,27.557883,0
                -99.492462,27.557898,0
                -99.492515,27.557908,0
                -99.492587,27.557918,0
                -99.492659,27.557927,0
                -99.492734,27.557936,0
                -99.492791,27.55794,0
                -99.492846,27.557942,0
                -99.492909,27.557938,0
                -99.492966,27.557919,0
                -99.493033,27.557913,0
                -99.493126,27.557905,0
                -99.493187,27.557899,0
                -99.493248,27.557893,0
                -99.493309,27.557887,0
                -99.493396,27.557876,0
                -99.493452,27.55787,0
                -99.493507,27.557865,0
                -99.493565,27.557863,0
                -99.493623,27.557858,0
                -99.493684,27.557853,0
                -99.493747,27.557855,0
                -99.493814,27.557862,0
                -99.493879,27.557873,0
                -99.493939,27.557883,0
                -99.493995,27.557892,0
                -99.494045,27.557902,0
                -99.494098,27.557914,0
                -99.494148,27.55793,0
                -99.494217,27.557955,0
                -99.494269,27.557971,0
                -99.494334,27.55799,0
                -99.49442,27.558016,0
                -99.494477,27.558036,0
                -99.494567,27.558071,0
                -99.494626,27.558094,0
                -99.494677,27.558115,0
                -99.494724,27.558137,0
                -99.494803,27.558165,0
                -99.494842,27.558186,0
                -99.494959,27.558252,0
                -99.494998,27.558275,0
                -99.495285,27.558501,0
                -99.496146,27.559181,0
                -99.496433,27.559408,0
                -99.496494,27.559601,0
                -99.496576,27.559948,0
                -99.496961,27.561581,0
                -99.497027,27.561857,0
                -99.497084,27.562127,0
                -99.497111,27.562204,0
                -99.497142,27.562341,0
                -99.497292,27.562991,0
                -99.497343,27.563208,0
                -99.497384,27.563389,0
                -99.497428,27.563578,0
                -99.497514,27.563931,0
                -99.497558,27.564112,0
                -99.497602,27.564296,0
                -99.497635,27.564407,0
                -99.497664,27.564484,0
                -99.497676,27.564516,0
                -99.49772,27.564605,0
                -99.497824,27.564777,0
                -99.497894,27.564878,0
                -99.498041,27.565077,0
                -99.498185,27.565288,0
                -99.498245,27.565407,0
                -99.498272,27.565472,0
                -99.498277,27.565484,0
                -99.498304,27.565562,0
                -99.498377,27.565846,0
                -99.498581,27.566772,0
                -99.498747,27.567563,0
                -99.496466,27.567916,0
                -99.496229,27.56795,0
                -99.49571,27.568031,0
                -99.494835,27.568169,0
                -99.494433,27.568231,0
                -99.493881,27.568315,0
                -99.49368,27.56838,0
                -99.493451,27.568418,0
                -99.492994,27.568496,0
                -99.492698,27.568546,0
                -99.492489,27.568578,0
                -99.491864,27.568673,0
                -99.491656,27.568706,0
                -99.491319,27.568758,0
                -99.49031,27.568913,0
                -99.489974,27.568966,0
                -99.489837,27.568985,0
                -99.489818,27.568988,0
                -99.489587,27.56902,0
                -99.489429,27.569043,0
                -99.489293,27.569064,0
                -99.489165,27.569083,0
                -99.489119,27.56909,0
                -99.488927,27.569119,0
                -99.488783,27.56914,0
                -99.488656,27.56916,0
                -99.488589,27.56917,0
                -99.48839,27.569199,0
                -99.488324,27.56921,0
                -99.487869,27.569281,0
                -99.486505,27.569496,0
                -99.486051,27.569569,0
                -99.486099,27.569845,0
                -99.486118,27.569948,0
                -99.486176,27.570397,0
                -99.486184,27.570625,0
                -99.486182,27.570682,0
                -99.486175,27.570963,0
                -99.486172,27.571028,0
                -99.486174,27.571139,0
                -99.486185,27.571667,0
                -99.486189,27.571844,0
                -99.486204,27.571968,0
                -99.486215,27.572049,0
                -99.486247,27.572192,0
                -99.486297,27.572332,0
                -99.486319,27.572394,0
                -99.486345,27.572449,0
                -99.486403,27.572533,0
                -99.486433,27.572589,0
                -99.486464,27.572652,0
                -99.486635,27.573004,0
                -99.486649,27.573025,0
                -99.486656,27.573042,0
                -99.486637,27.573055,0
                -99.486607,27.57307,0
                -99.486456,27.573133,0
                -99.486403,27.573151,0
                -99.486192,27.573228,0
                -99.486181,27.573232,0
                -99.486092,27.573265,0
                -99.485825,27.573368,0
                -99.485737,27.573402,0
                -99.484771,27.573756,0
                -99.485204,27.574678,0
                -99.48452,27.574909,0
                -99.484566,27.575014,0
                -99.484745,27.575368,0
                -99.484937,27.575783,0
                -99.485676,27.577351,0
                -99.485908,27.577834,0
                -99.486013,27.577864,0
                -99.485945,27.577926,0
                -99.485938,27.577937,0
                -99.485878,27.578038,0
                -99.485843,27.578116,0
                -99.485831,27.578171,0
                -99.485825,27.578228,0
                -99.485819,27.578289,0
                -99.485822,27.578333,0
                -99.485846,27.578401,0
                -99.485877,27.578467,0
                -99.485968,27.578655,0
                -99.486066,27.57886,0
                -99.48613,27.578992,0
                -99.486159,27.579053,0
                -99.486248,27.579237,0
                -99.486278,27.579299,0
                -99.48634,27.579431,0
                -99.486443,27.579649,0
                -99.48653,27.579826,0
                -99.486595,27.579957,0
                -99.486703,27.580175,0
                -99.487027,27.580831,0
                -99.487136,27.58105,0
                -99.487053,27.581081,0
                -99.486805,27.581177,0
                -99.486723,27.58121,0
                -99.486568,27.581268,0
                -99.486106,27.581445,0
                -99.485952,27.581504,0
                -99.485564,27.58165,0
                -99.485298,27.581753,0
                -99.484802,27.581946,0
                -99.484531,27.582043,0
                -99.484398,27.582096,0
                -99.484211,27.582184,0
                -99.484123,27.582234,0
                -99.484032,27.582293,0
                -99.483947,27.582357,0
                -99.483834,27.582467,0
                -99.483772,27.582541,0
                -99.483715,27.58262,0
                -99.483668,27.582699,0
                -99.483594,27.58284,0
                -99.483589,27.582849,0
                -99.483462,27.583144,0
                -99.4834,27.583261,0
                -99.483258,27.583462,0
                -99.483328,27.583507,0
                -99.483435,27.583576,0
                -99.483528,27.583661,0
                -99.483591,27.583718,0
                -99.483674,27.583845,0
                -99.483804,27.584043,0
                -99.48392,27.584229,0
                -99.484001,27.584358,0
                -99.484082,27.584488,0
                -99.484327,27.584878,0
                -99.484409,27.585009,0
                -99.484435,27.585053,0
                -99.484496,27.585156,0
                -99.484514,27.585184,0
                -99.484542,27.585228,0
                -99.484642,27.585386,0
                -99.484787,27.585613,0
                -99.484844,27.585714,0
                -99.48488,27.585789,0
                -99.484907,27.58588,0
                -99.484918,27.585917,0
                -99.484953,27.585964,0
                -99.484984,27.585986,0
                -99.485034,27.586002,0
                -99.485062,27.586002,0
                -99.485195,27.585959,0
                -99.485444,27.58588,0
                -99.485673,27.585801,0
                -99.48572,27.585786,0
                -99.485831,27.585744,0
                -99.486014,27.585686,0
                -99.486228,27.585619,0
                -99.486562,27.585506,0
                -99.486745,27.585445,0
                -99.486839,27.585413,0
                -99.487123,27.585316,0
                -99.487218,27.585285,0
                -99.487522,27.585195,0
                -99.487587,27.58534,0
                -99.487661,27.585519,0
                -99.487824,27.585862,0
                -99.488344,27.586919,0
                -99.48871,27.586778,0
                -99.489125,27.586604,0
                -99.489282,27.586539,0
                -99.489954,27.586141,0
                -99.490667,27.58685,0
                -99.491138,27.586434,0
                -99.491261,27.586348,0
                -99.491337,27.586298,0
                -99.4914,27.586265,0
                -99.491532,27.586199,0
                -99.491652,27.586146,0
                -99.491697,27.586131,0
                -99.491766,27.586109,0
                -99.491909,27.586073,0
                -99.492191,27.586003,0
                -99.492525,27.585932,0
                -99.492766,27.585922,0
                -99.493001,27.585964,0
                -99.493261,27.586034,0
                -99.493419,27.586086,0
                -99.494264,27.586324,0
                -99.494672,27.586379,0
                -99.4949,27.586383,0
                -99.495037,27.58637,0
                -99.495443,27.586333,0
                -99.495724,27.586328,0
                -99.495883,27.586336,0
                -99.496115,27.586377,0
                -99.496357,27.586457,0
                -99.496612,27.586574,0
                -99.49693,27.586778,0
                -99.497023,27.586842,0
                -99.497285,27.587002,0
                -99.497462,27.587068,0
                -99.497325,27.587446,0
                -99.496963,27.588608,0
                -99.496768,27.589233,0
                -99.496431,27.589715,0
                -99.496256,27.589935,0
                -99.496175,27.590107,0
                -99.496114,27.590219,0
                -99.496053,27.590315,0
                -99.49585,27.590591,0
                -99.495733,27.590754,0
                -99.495404,27.591217,0
                -99.495213,27.591478,0
                -99.495178,27.591535,0
                -99.494942,27.591869,0
                -99.494832,27.592037,0
                -99.494696,27.592246,0
                -99.494603,27.592408,0
                -99.494516,27.592572,0
                -99.494427,27.592755,0
                -99.494339,27.592959,0
                -99.4943,27.593062,0
                -99.494264,27.593177,0
                -99.494235,27.593281,0
                -99.494192,27.593439,0
                -99.494186,27.593462,0
                -99.494112,27.593753,0
                -99.494406,27.593802,0
                -99.494475,27.593813,0
                -99.494466,27.593867,0
                -99.494426,27.594147,0
                -99.494402,27.594437,0
                -99.494399,27.594731,0
                -99.494416,27.595024,0
                -99.49445,27.595332,0
                -99.494476,27.595493,0
                -99.494508,27.595654,0
                -99.494546,27.595814,0
                -99.494591,27.595974,0
                -99.494641,27.596126,0
                -99.494695,27.596289,0
                -99.494764,27.596469,0
                -99.494916,27.596823,0
                -99.495009,27.597019,0
                -99.495109,27.597213,0
                -99.495317,27.597597,0
                -99.495326,27.597615,0
                -99.495397,27.597755,0
                -99.495508,27.597974,0
                -99.495688,27.598343,0
                -99.495769,27.598531,0
                -99.495773,27.598542,0
                -99.49584,27.598715,0
                -99.495904,27.598901,0
                -99.495958,27.599084,0
                -99.496004,27.599269,0
                -99.496044,27.599455,0
                -99.496075,27.599624,0
                -99.496099,27.599812,0
                -99.496118,27.599963,0
                -99.49613,27.600133,0
                -99.496125,27.600385,0
                -99.496086,27.600827,0
                -99.496061,27.601018,0
                -99.496011,27.601306,0
                -99.49595,27.601573,0
                -99.495866,27.601942,0
                -99.495776,27.602282,0
                -99.495694,27.602571,0
                -99.495581,27.602965,0
                -99.495459,27.603393,0
                -99.495384,27.603633,0
                -99.495331,27.603807,0
                -99.495005,27.604861,0
                -99.494713,27.605845,0
                -99.494435,27.606813,0
                -99.494431,27.606831,0
                -99.494387,27.606978,0
                -99.494348,27.607111,0
                -99.494123,27.607875,0
                -99.49403,27.607854,0
                -99.493752,27.607792,0
                -99.49366,27.607772,0
                -99.493552,27.607746,0
                -99.493281,27.607682,0
                -99.493229,27.60767,0
                -99.493122,27.607645,0
                -99.493047,27.607927,0
                -99.49246,27.610626,0
                -99.492253,27.611581,0
                -99.492204,27.611811,0
                -99.491601,27.614619,0
                -99.491916,27.614495,0
                -99.492059,27.614441,0
                -99.492265,27.614364,0
                -99.492245,27.614436,0
                -99.491978,27.615447,0
                -99.491965,27.615494,0
                -99.491859,27.615899,0
                -99.491793,27.616192,0
                -99.491666,27.616758,0
                -99.491547,27.61729,0
                -99.491281,27.618502,0
                -99.491078,27.619398,0
                -99.490868,27.620394,0
                -99.490742,27.620969,0
                -99.490343,27.622796,0
                -99.490316,27.622916,0
                -99.490238,27.623275,0
                -99.490212,27.623396,0
                -99.490189,27.623501,0
                -99.489638,27.626016,0
                -99.489516,27.626575,0
                -99.489409,27.627075,0
                -99.489159,27.628249,0
                -99.48903,27.628835,0
                -99.488814,27.629825,0
                -99.488487,27.631288,0
                -99.487469,27.636022,0
                -99.487079,27.637755,0
                -99.487,27.638114,0
                -99.486805,27.639003,0
                -99.486621,27.639945,0
                -99.486418,27.641383,0
                -99.486366,27.641824,0
                -99.486457,27.641855,0
                -99.486587,27.641899,0
                -99.486732,27.641948,0
                -99.486824,27.64198,0
                -99.486879,27.641995,0
                -99.486915,27.641998,0
                -99.487112,27.642015,0
                -99.487196,27.642012,0
                -99.48725,27.642,0
                -99.487276,27.641975,0
                -99.487149,27.643465,0
                -99.486961,27.645679,0
                -99.487623,27.641975,0
                -99.48765,27.641806,0
                -99.491833,27.638305,0
                -99.49281,27.637636,0
                -99.49292,27.637631,0
                -99.493024,27.63762,0
                -99.493076,27.6376,0
                -99.49319,27.637535,0
                -99.493309,27.637456,0
                -99.493692,27.637184,0
                -99.494067,27.636901,0
                -99.494753,27.636396,0
                -99.495806,27.63566,0
                -99.496792,27.634972,0
                -99.497084,27.634753,0
                -99.497534,27.634436,0
                -99.497717,27.634295,0
                -99.50099,27.63199,0
                -99.503308,27.630384,0
                -99.506702,27.629135,0
                -99.507074,27.629742,0
                -99.507391,27.629627,0
                -99.510923,27.628326,0
                -99.513514,27.62737,0
                -99.514892,27.626863,0
                -99.514361,27.62572,0
                -99.521203,27.623108,0
                -99.522602,27.622625,0
                -99.524447,27.62198,0
                -99.52475,27.622584,0
                -99.525208,27.623958,0
                -99.525533,27.625081,0
                -99.52565,27.625725,0
                -99.525699,27.62601,0
              </coordinates>
            </LinearRing>
          </outerBoundaryIs>
          <innerBoundaryIs>
            <LinearRing>
              <tessellate>1</tessellate>
              <coordinates>
                -99.555496,27.652911,0
                -99.55647,27.653212,0
                -99.557402,27.653498,0
                -99.557039,27.652769,0
                -99.556832,27.652348,0
                -99.555569,27.652798,0
                -99.555496,27.652911,0
              </coordinates>
            </LinearRing>
          </innerBoundaryIs>
        </Polygon>
      </Placemark>
      <Placemark>
        <name>District 8</name>
        <description><![CDATA[description: <br>ID: 16<br>AREA: 5.85695<br>DISTRICT: 8<br>MEMBERS: 1<br>LOCKED: <br>NAME: <br>POPULATION: 31324<br>HISPANIC_O: 30422<br>BLACK: 73<br>H18_POP: 21505<br>F18_POP: 22170<br>F18_BLK: 54<br>DEVIATION: -577<br>F_DEVIATIO: -0.018087<br>F_HISPANIC: 0.971204<br>F_BLACK: 0.00233<br>F_H18_POP: 0.686534<br>F_18_POP: 0.707764<br>F_18_BLK: 0.001724<br>IDEAL_VALU: 31901<br>DISTRICT_L: 8|-1.81%]]></description>
        <styleUrl>#poly-FFFF00-3000-59</styleUrl>
        <ExtendedData>
          <Data name="description">
            <value/>
          </Data>
          <Data name="ID">
            <value>16</value>
          </Data>
          <Data name="AREA">
            <value>5.85695</value>
          </Data>
          <Data name="DISTRICT">
            <value>8</value>
          </Data>
          <Data name="MEMBERS">
            <value>1</value>
          </Data>
          <Data name="LOCKED">
            <value/>
          </Data>
          <Data name="NAME">
            <value/>
          </Data>
          <Data name="POPULATION">
            <value>31324</value>
          </Data>
          <Data name="HISPANIC_O">
            <value>30422</value>
          </Data>
          <Data name="BLACK">
            <value>73</value>
          </Data>
          <Data name="H18_POP">
            <value>21505</value>
          </Data>
          <Data name="F18_POP">
            <value>22170</value>
          </Data>
          <Data name="F18_BLK">
            <value>54</value>
          </Data>
          <Data name="DEVIATION">
            <value>-577</value>
          </Data>
          <Data name="F_DEVIATIO">
            <value>-0.018087</value>
          </Data>
          <Data name="F_HISPANIC">
            <value>0.971204</value>
          </Data>
          <Data name="F_BLACK">
            <value>0.00233</value>
          </Data>
          <Data name="F_H18_POP">
            <value>0.686534</value>
          </Data>
          <Data name="F_18_POP">
            <value>0.707764</value>
          </Data>
          <Data name="F_18_BLK">
            <value>0.001724</value>
          </Data>
          <Data name="IDEAL_VALU">
            <value>31901</value>
          </Data>
          <Data name="DISTRICT_L">
            <value>8|-1.81%</value>
          </Data>
        </ExtendedData>
        <Polygon>
          <outerBoundaryIs>
            <LinearRing>
              <tessellate>1</tessellate>
              <coordinates>
                -99.502519,27.500396,0
                -99.501932,27.500274,0
                -99.500977,27.500076,0
                -99.500964,27.50007,0
                -99.499002,27.499154,0
                -99.498046,27.499715,0
                -99.497822,27.499847,0
                -99.497598,27.499979,0
                -99.497505,27.500033,0
                -99.496826,27.500106,0
                -99.496718,27.500046,0
                -99.496366,27.499851,0
                -99.496013,27.499656,0
                -99.495999,27.499648,0
                -99.494819,27.498995,0
                -99.4944,27.498734,0
                -99.494207,27.498614,0
                -99.494086,27.498538,0
                -99.493138,27.497946,0
                -99.492641,27.497686,0
                -99.491911,27.497304,0
                -99.490658,27.496398,0
                -99.489611,27.495743,0
                -99.48842,27.494996,0
                -99.48749,27.494352,0
                -99.485806,27.493188,0
                -99.484367,27.491965,0
                -99.483708,27.491405,0
                -99.481288,27.488468,0
                -99.48092,27.487548,0
                -99.480219,27.485796,0
                -99.480141,27.485854,0
                -99.480127,27.485864,0
                -99.480063,27.485911,0
                -99.47991,27.486023,0
                -99.47985,27.486067,0
                -99.479758,27.486135,0
                -99.479629,27.486267,0
                -99.479456,27.486636,0
                -99.479344,27.486725,0
                -99.479333,27.486735,0
                -99.479024,27.48712,0
                -99.478679,27.487819,0
                -99.478679,27.487995,0
                -99.479104,27.488604,0
                -99.479136,27.48865,0
                -99.479155,27.488771,0
                -99.479148,27.488837,0
                -99.479068,27.48898,0
                -99.478921,27.489272,0
                -99.47918,27.489508,0
                -99.479326,27.489654,0
                -99.479358,27.489691,0
                -99.479464,27.489811,0
                -99.479571,27.489955,0
                -99.479661,27.490112,0
                -99.479734,27.490258,0
                -99.479818,27.490506,0
                -99.479905,27.490809,0
                -99.480182,27.491733,0
                -99.480285,27.491636,0
                -99.480607,27.491362,0
                -99.481055,27.490928,0
                -99.482069,27.491689,0
                -99.483067,27.492434,0
                -99.482586,27.492877,0
                -99.481987,27.492429,0
                -99.48158,27.492125,0
                -99.481106,27.492546,0
                -99.481376,27.492788,0
                -99.481392,27.493548,0
                -99.481396,27.493738,0
                -99.481631,27.493731,0
                -99.482175,27.493717,0
                -99.482282,27.493724,0
                -99.482342,27.493736,0
                -99.482388,27.493771,0
                -99.48242,27.493809,0
                -99.482432,27.493885,0
                -99.482433,27.493929,0
                -99.482435,27.494031,0
                -99.482434,27.494074,0
                -99.482434,27.49451,0
                -99.482434,27.494656,0
                -99.482636,27.494656,0
                -99.483242,27.494656,0
                -99.483444,27.494657,0
                -99.483445,27.494842,0
                -99.483448,27.4954,0
                -99.48345,27.495586,0
                -99.48345,27.495767,0
                -99.48345,27.496313,0
                -99.483451,27.496495,0
                -99.48345,27.496676,0
                -99.483447,27.497222,0
                -99.483447,27.497404,0
                -99.483445,27.497587,0
                -99.483441,27.498138,0
                -99.48344,27.498322,0
                -99.483444,27.498507,0
                -99.483456,27.499065,0
                -99.483461,27.499251,0
                -99.483666,27.499249,0
                -99.484281,27.499244,0
                -99.484487,27.499243,0
                -99.484477,27.499425,0
                -99.484462,27.499974,0
                -99.484457,27.500157,0
                -99.484463,27.500338,0
                -99.484474,27.500618,0
                -99.484487,27.500882,0
                -99.484496,27.501064,0
                -99.484497,27.501249,0
                -99.4845,27.501807,0
                -99.484503,27.501994,0
                -99.4845,27.502175,0
                -99.484498,27.502409,0
                -99.484501,27.502721,0
                -99.484503,27.502904,0
                -99.484502,27.503085,0
                -99.484498,27.503628,0
                -99.484498,27.50381,0
                -99.484707,27.503814,0
                -99.485337,27.503826,0
                -99.485548,27.50383,0
                -99.485752,27.503827,0
                -99.486364,27.503818,0
                -99.486568,27.503815,0
                -99.48677,27.503815,0
                -99.487379,27.503818,0
                -99.487582,27.503819,0
                -99.487792,27.503817,0
                -99.488425,27.503813,0
                -99.488636,27.503812,0
                -99.488846,27.503813,0
                -99.489479,27.503817,0
                -99.48969,27.503819,0
                -99.489902,27.503816,0
                -99.490541,27.50381,0
                -99.490755,27.503808,0
                -99.490969,27.503808,0
                -99.491611,27.50381,0
                -99.491826,27.503811,0
                -99.491815,27.503993,0
                -99.491784,27.50454,0
                -99.491775,27.504723,0
                -99.491793,27.505653,0
                -99.491805,27.506566,0
                -99.491803,27.506747,0
                -99.491799,27.507293,0
                -99.491799,27.507475,0
                -99.491799,27.50766,0
                -99.491802,27.508216,0
                -99.491804,27.508402,0
                -99.491806,27.508585,0
                -99.491813,27.509134,0
                -99.491816,27.509318,0
                -99.492021,27.509317,0
                -99.492636,27.509315,0
                -99.492842,27.509315,0
                -99.493045,27.509317,0
                -99.493656,27.509325,0
                -99.49386,27.509328,0
                -99.493862,27.50951,0
                -99.493868,27.510057,0
                -99.493871,27.51024,0
                -99.493867,27.510422,0
                -99.493858,27.510971,0
                -99.493856,27.511154,0
                -99.493858,27.511337,0
                -99.493866,27.511887,0
                -99.493869,27.512071,0
                -99.493869,27.512255,0
                -99.49387,27.512808,0
                -99.493871,27.512993,0
                -99.493868,27.513174,0
                -99.493859,27.513716,0
                -99.493857,27.513898,0
                -99.494059,27.513898,0
                -99.494668,27.513901,0
                -99.494871,27.513902,0
                -99.494871,27.514091,0
                -99.494873,27.514661,0
                -99.494874,27.514851,0
                -99.494872,27.515031,0
                -99.494868,27.515574,0
                -99.494867,27.515755,0
                -99.495075,27.515756,0
                -99.495702,27.51576,0
                -99.495911,27.515762,0
                -99.496524,27.515773,0
                -99.496863,27.515778,0
                -99.496931,27.515788,0
                -99.497128,27.515813,0
                -99.497538,27.515898,0
                -99.497509,27.516053,0
                -99.49741,27.516433,0
                -99.497299,27.516692,0
                -99.497169,27.51691,0
                -99.497134,27.516968,0
                -99.497358,27.517003,0
                -99.497571,27.517026,0
                -99.49781,27.517035,0
                -99.497813,27.517798,0
                -99.497815,27.517993,0
                -99.497812,27.518106,0
                -99.497809,27.518243,0
                -99.497805,27.518445,0
                -99.497805,27.518493,0
                -99.497804,27.518559,0
                -99.497803,27.518607,0
                -99.497801,27.51868,0
                -99.4978,27.518751,0
                -99.4978,27.5188,0
                -99.497798,27.5189,0
                -99.497796,27.518958,0
                -99.497761,27.51984,0
                -99.497763,27.520036,0
                -99.49777,27.520627,0
                -99.497771,27.520648,0
                -99.497788,27.520713,0
                -99.49788,27.520772,0
                -99.497878,27.521807,0
                -99.497875,27.52244,0
                -99.498002,27.522478,0
                -99.498089,27.52251,0
                -99.498332,27.522599,0
                -99.498714,27.522771,0
                -99.49892,27.522865,0
                -99.498917,27.522934,0
                -99.498909,27.523141,0
                -99.498907,27.523211,0
                -99.498903,27.523396,0
                -99.498893,27.523952,0
                -99.498891,27.524138,0
                -99.49889,27.524319,0
                -99.498889,27.524862,0
                -99.498889,27.525044,0
                -99.499094,27.525045,0
                -99.499709,27.525048,0
                -99.499915,27.525049,0
                -99.499917,27.525231,0
                -99.499929,27.525784,0
                -99.499933,27.525968,0
                -99.499934,27.526152,0
                -99.499937,27.526704,0
                -99.499939,27.526889,0
                -99.499935,27.527073,0
                -99.499924,27.527625,0
                -99.499921,27.52781,0
                -99.499918,27.527993,0
                -99.499911,27.528545,0
                -99.49991,27.528729,0
                -99.499913,27.528913,0
                -99.499925,27.529467,0
                -99.499929,27.529652,0
                -99.499925,27.529854,0
                -99.499915,27.53046,0
                -99.499912,27.530663,0
                -99.499705,27.530645,0
                -99.499085,27.530593,0
                -99.498879,27.530576,0
                -99.498673,27.530574,0
                -99.498055,27.53057,0
                -99.49785,27.530569,0
                -99.497644,27.53057,0
                -99.497026,27.530577,0
                -99.496821,27.53058,0
                -99.496616,27.530576,0
                -99.496001,27.530564,0
                -99.495797,27.53056,0
                -99.49559,27.530559,0
                -99.49497,27.530558,0
                -99.494764,27.530558,0
                -99.494558,27.530561,0
                -99.493943,27.530572,0
                -99.493738,27.530576,0
                -99.493734,27.530758,0
                -99.493724,27.531307,0
                -99.493722,27.53149,0
                -99.493723,27.531678,0
                -99.493729,27.532242,0
                -99.493731,27.532431,0
                -99.493732,27.53261,0
                -99.493735,27.533146,0
                -99.493736,27.533326,0
                -99.493734,27.533505,0
                -99.49373,27.534042,0
                -99.493729,27.534222,0
                -99.493727,27.534404,0
                -99.49372,27.534951,0
                -99.493719,27.535134,0
                -99.493721,27.535326,0
                -99.493724,27.535465,0
                -99.493723,27.535906,0
                -99.493723,27.536047,0
                -99.493721,27.536099,0
                -99.493718,27.536199,0
                -99.49371,27.536498,0
                -99.493708,27.536599,0
                -99.493706,27.536673,0
                -99.493705,27.536721,0
                -99.493712,27.536895,0
                -99.493715,27.53697,0
                -99.493715,27.537151,0
                -99.493718,27.537694,0
                -99.493719,27.537876,0
                -99.493721,27.53811,0
                -99.493727,27.538621,0
                -99.493724,27.538812,0
                -99.493723,27.538897,0
                -99.493696,27.539044,0
                -99.493692,27.539065,0
                -99.49368,27.539129,0
                -99.493677,27.539151,0
                -99.493892,27.539184,0
                -99.494538,27.539283,0
                -99.494754,27.539316,0
                -99.494947,27.539344,0
                -99.495428,27.539417,0
                -99.495527,27.539429,0
                -99.495722,27.539453,0
                -99.495923,27.539483,0
                -99.496414,27.539557,0
                -99.496528,27.539569,0
                -99.496731,27.539592,0
                -99.496594,27.540297,0
                -99.496209,27.542284,0
                -99.496186,27.542415,0
                -99.496062,27.543123,0
                -99.496086,27.543126,0
                -99.496158,27.543138,0
                -99.496183,27.543142,0
                -99.496356,27.543169,0
                -99.496875,27.543249,0
                -99.497048,27.543277,0
                -99.497029,27.543416,0
                -99.496983,27.543754,0
                -99.496965,27.543832,0
                -99.496936,27.54397,0
                -99.496927,27.544008,0
                -99.496902,27.544124,0
                -99.496895,27.544163,0
                -99.496884,27.544227,0
                -99.496852,27.544422,0
                -99.496842,27.544487,0
                -99.496825,27.544587,0
                -99.496776,27.544889,0
                -99.49676,27.54499,0
                -99.496742,27.545084,0
                -99.496716,27.545219,0
                -99.496689,27.545368,0
                -99.496672,27.545463,0
                -99.496653,27.545558,0
                -99.496597,27.545845,0
                -99.496579,27.545941,0
                -99.496562,27.546033,0
                -99.496513,27.546308,0
                -99.496497,27.546401,0
                -99.496486,27.546494,0
                -99.496453,27.546773,0
                -99.496443,27.546867,0
                -99.496477,27.546871,0
                -99.496581,27.546886,0
                -99.496616,27.546891,0
                -99.496809,27.546918,0
                -99.497053,27.546952,0
                -99.497391,27.547002,0
                -99.497463,27.547013,0
                -99.497585,27.547031,0
                -99.497623,27.547036,0
                -99.497737,27.547053,0
                -99.497775,27.547059,0
                -99.498443,27.547153,0
                -99.499229,27.547273,0
                -99.500397,27.547437,0
                -99.500487,27.547461,0
                -99.503135,27.547848,0
                -99.503365,27.547866,0
                -99.503603,27.547885,0
                -99.503564,27.547498,0
                -99.50349,27.547134,0
                -99.503486,27.547113,0
                -99.503119,27.545416,0
                -99.503034,27.544899,0
                -99.502933,27.544277,0
                -99.502916,27.544147,0
                -99.502904,27.543998,0
                -99.502841,27.543372,0
                -99.502778,27.542888,0
                -99.502767,27.542405,0
                -99.502757,27.541901,0
                -99.502746,27.541197,0
                -99.50277,27.540576,0
                -99.502963,27.540602,0
                -99.503088,27.540621,0
                -99.503306,27.540655,0
                -99.50432,27.540807,0
                -99.504342,27.540758,0
                -99.504428,27.540805,0
                -99.50495,27.540855,0
                -99.510756,27.540861,0
                -99.510813,27.540766,0
                -99.511001,27.540766,0
                -99.511567,27.540767,0
                -99.511756,27.540768,0
                -99.511798,27.540768,0
                -99.511938,27.540771,0
                -99.512484,27.540784,0
                -99.512666,27.540789,0
                -99.512907,27.540794,0
                -99.51314,27.5408,0
                -99.513633,27.540785,0
                -99.513676,27.540784,0
                -99.513875,27.540779,0
                -99.514027,27.540778,0
                -99.514482,27.540775,0
                -99.514635,27.540775,0
                -99.514867,27.540774,0
                -99.515563,27.540771,0
                -99.515796,27.540771,0
                -99.515984,27.54077,0
                -99.516551,27.540768,0
                -99.51674,27.540768,0
                -99.516836,27.540767,0
                -99.517127,27.540767,0
                -99.517224,27.540767,0
                -99.517354,27.540766,0
                -99.517745,27.540765,0
                -99.517876,27.540765,0
                -99.518089,27.540765,0
                -99.51873,27.540766,0
                -99.518944,27.540767,0
                -99.519141,27.540769,0
                -99.519732,27.540778,0
                -99.51993,27.540781,0
                -99.520129,27.540777,0
                -99.520728,27.540767,0
                -99.520928,27.540765,0
                -99.521076,27.540763,0
                -99.52152,27.540758,0
                -99.521569,27.540758,0
                -99.521669,27.540754,0
                -99.521737,27.540753,0
                -99.521944,27.540751,0
                -99.522013,27.540751,0
                -99.52202,27.540494,0
                -99.52192,27.539794,0
                -99.521963,27.539076,0
                -99.521977,27.538827,0
                -99.52202,27.538117,0
                -99.522078,27.537158,0
                -99.522183,27.535407,0
                -99.52222,27.534794,0
                -99.522419,27.533874,0
                -99.522591,27.533075,0
                -99.522709,27.53253,0
                -99.523,27.531187,0
                -99.52302,27.531095,0
                -99.523044,27.530996,0
                -99.523185,27.530426,0
                -99.523232,27.530237,0
                -99.523484,27.529215,0
                -99.523533,27.529017,0
                -99.523727,27.528227,0
                -99.523834,27.527797,0
                -99.524835,27.523795,0
                -99.525002,27.522162,0
                -99.525034,27.52185,0
                -99.525073,27.521528,0
                -99.525076,27.521439,0
                -99.525213,27.520104,0
                -99.525247,27.519781,0
                -99.52532,27.519095,0
                -99.525366,27.518815,0
                -99.525385,27.518705,0
                -99.525402,27.5186,0
                -99.52542,27.518495,0
                -99.525373,27.518062,0
                -99.525234,27.516763,0
                -99.525188,27.516331,0
                -99.52512,27.515695,0
                -99.52532,27.510395,0
                -99.52662,27.506095,0
                -99.526864,27.505272,0
                -99.527108,27.504449,0
                -99.527264,27.503922,0
                -99.52742,27.503395,0
                -99.527546,27.502771,0
                -99.527671,27.502149,0
                -99.527896,27.501039,0
                -99.528124,27.499895,0
                -99.528142,27.499804,0
                -99.528392,27.49855,0
                -99.528151,27.49834,0
                -99.527398,27.497685,0
                -99.526644,27.49703,0
                -99.526137,27.496589,0
                -99.52554,27.496605,0
                -99.522978,27.496673,0
                -99.520415,27.496742,0
                -99.51985,27.496763,0
                -99.519464,27.496948,0
                -99.518307,27.497506,0
                -99.517242,27.498019,0
                -99.516178,27.498563,0
                -99.51612,27.498594,0
                -99.515622,27.498754,0
                -99.515038,27.498941,0
                -99.514923,27.498978,0
                -99.514622,27.499077,0
                -99.514326,27.499168,0
                -99.513576,27.499412,0
                -99.512369,27.499265,0
                -99.511971,27.499211,0
                -99.511518,27.499179,0
                -99.511145,27.499153,0
                -99.510319,27.499096,0
                -99.50974,27.499192,0
                -99.508004,27.499482,0
                -99.507481,27.49957,0
                -99.507426,27.499579,0
                -99.507319,27.499597,0
                -99.507223,27.499617,0
                -99.50662,27.499751,0
                -99.506419,27.499796,0
                -99.505689,27.499907,0
                -99.5035,27.500244,0
                -99.502771,27.500357,0
                -99.502519,27.500396,0
              </coordinates>
            </LinearRing>
          </outerBoundaryIs>
        </Polygon>
      </Placemark>
    </Folder>
  </Document>
</kml>
